prefecture,CITY,SCHOOL NAME,ENTRANCE MONTH,ADDRESS,TEL,URL,EMAIL
Hokkaido,Sapporo,YOSHIDAGAKUEN COMPUTER  and  BUSINESS COLLEGE DEPARTMENT OF JAPANESE LANGAGE,4・10,"Higashi 16 Kita15-jo, Higasi-ku, Sapporo, 060-0063 JAPAN",+81-11-711-6317,http://www.yoshida-jbusiness.jp/jp/,nhg@yoshida-g.ac.jp
Hokkaido,Sapporo,SOKEN INSTITUTE OF JAPANESE LANGUAGE COURSE(SJC),4・10,"1-30 Nishi4, Kita20, Kita-ku, Sapporo-shi, Hokkaido 001-0020",+81-11-757-5522,http://www6.ocn.ne.jp/~kanyobi/j/,liuliu888@kanyobi.ac.jp
Hokkaido,Sapporo,SAPPORO LANGUAGE CENTER JAPANESE COURSE,4・10,"2F Famil Nakajima Park, 3-17 Nishi 1 Minami 11-Jo, Chuo-ku, Sapporo-shi, Hokkaido 064-0811",+81-11-563-1777,http://www.sapporo-language-center.asia/jp/,toosakajls@ybb.ne.jp
Hokkaido,Sapporo,Japanese Language Institute of Sapporo,4・10・1,"26-2-7 Minami-6-Jo-Nishi, Chuo-ku, Sapporo-shi, Hokkaido 064-0806",+81-11-562-7001,http://www.jli.co.jp/,info@jli.co.jp
Hokkaido,Sapporo,INTERNATIONAL ACADEMY,4・10・1,"Hinode Bldg., 13 Nishi-4, Minami-1, Chuo-ku, Sapporo-shi, Hokkaido 060-0061",+81-11-281-5188,http://www.myiay.com/j/,info@myiay.com
Hokkaido,Eniwa,HOKKAIDO COLLEGE OF HIGH TECHNOLOGY JAPANESE DEPARTMENT,4,"2-12-1 Meguminokita, Eniwa-shi, Hokkaido 061-1396",+81-123-39-6666,http://jpn.hht.ac.jp/,toosakajls@ybb.ne.jp
Akita,Akita,Japanese Language and Culture Course at North Asia University,4,"46-1 Jimorisawa, Shimokitatesakura, Akita-shi, Akita 010-8515",+81-18-836-1981,http://www.nau.ac.jp/bekka/,
Iwate,Morioka,MORIOKA JAPANESE LANGUAGE SCHOOL,4・10・1,"3-2-17 Chuo-dori, Morioka-shi, Iwate 020-0021",+81-19-651-5530,http://www.mjls.jp/index.html,
Miyagi,Sendai,AOBA FOREIGN LANGUAGE SCHOOL,4・10,"2-16-25 Hachiman, Aoba-ku, Sendai-shi,Miyagi 980-0871",+81-22-234-6883,,
Miyagi,Sendai,Global Japanese Academy,4・10・1,"1-1-15 Tsuchitoi, Aoba-ku, Sendai-shi, Miyagi 980-0065",+81-22-726-7888,http://www.e-888.net,
Miyagi,Sendai,International Academy Language School,4,"1-5-3 Tsutsujigaoka, Miyagi-ku, Sendai-shi, Miyagi 983-0852",+81-22-298-7031,http://www.ials.jp/ials/,info@ials.jp
Miyagi,Sendai,Sendai English Center Japanese Course,4,"6F Yamaguchi Bldg., 1-1-31 Ichiban-cho Aoba-ku, Sendai-shi, Miyagi 980-0811",+81-22-221-2555,,
Miyagi,Sendai,SENDAI INTERNATIONAL SCHOOL OF JAPANESE,4・10,"1-3-1 Kakyoin, Aoba-ku, Sendai-shi, Miyagi 980-0013",+81-22-224-6509,http://www.sjls.jp/,sjls@sjls.jp
Miyagi,Sendai,SENDAI LANGUAGE SCHOOL JAPANESE COURSE,4・7・10,"Sendai Chuo Bldg 2F-4F, 4-7-2 Chuo, Aoba-ku, Sendai-shi, Miyagi 980-0021",+81-22-266-8181,http://www.sendai-lang.com/,
Miyagi,Sendai,TOHOKU FOREIGN LANGUAGE  and  TOURISM COLLEGE,4・10,"2-1-13 Itsutsubashi, Aoba-ku, Sendai-shi, Miyagi 980-0022",+81-22-263-0820,http://www.tohokugaigo.ac.jp/,nihongo@tohokugaigo.ac.jp
Miyagi,Sendai,Toyo International Culture Academy,4・10,"1-4-18 Miyamachi, Aoba-ku, Sendai-shi, Miyagi 980-0004",+81-22-398-6818,http://www.toyo-kokusai.com/,
Yamagata,Shinjyou,Shinjo Computer Academy the Course of Japanese Education,4,"6162-11 Tohkamachi, Shinjo-shi, Yamagata 996-0091",+81-233-29-2121,http://sca.core.ac.jp/?page_id=12,
Yamagata,Yamagata,TOHOKU BUNKYO COLLEGE Japanese Language Section for Foreign Students,4,"515 Katayachi, Yamagata-shi, Yamagata, 990-2316",+81-23-688-2298,http://www.t-bunkyo.jp/academics/betsu/index.html,
Fukushima,Fukushima,FUKUSHIMA JAPANESE SCHOOL,4・10,"9-28 Chugen-cho, Fukushima-shi, Fukushima 960-8105",+81-24-523-1818,http://www.hkr.co.jp/fjs/,info-fjs@hkr.co.jp
Fukushima,Iwaki,Higashi Nippon International University Intensive Japanese Language Courses For Overseas Students,4・10,"37 Kotobuki Kanasawa, Kamata-aza, Iwaki-shi, Fukushima 970-8023",+81-246-35-0410,http://www.shk-ac.jp/department/foreign/head_msg.html,
Tokyo,Shinjuku-ku,Academy of Language Arts,4・7・10,"Dai-ni Tobundo Bldg., 2-16 Ageba-cho, Shinjuku-ku, Tokyo 162-0824",+81-3-3235-0071,http://www.ala-japan.com,info@ala-japan.com
Tokyo,Shinjuku-ku,ARC Academy Shinjuku,4・7・10・1,"Toshin-Nishi-Shinjuku Bldg. 3F 7-18-16 Nishi-Shinjuku, Shinjuku-ku, Tokyo 160-0023",+81-3-5337-0166,http://www.arc-academy.net/,shinjukunishi@arc.ac.jp
Tokyo,Shinjuku-ku,ELITE Japanese Language School,4・7・10,"1-8-10 Hyakunincho, Shinjuku-ku, Tokyo 169-0073",+81-3-8232-0550,http://www.elite-japan.com,info@elite-japan.com
Tokyo,Shinjuku-ku,Fuji International Language Institute,4・7・10,"1-7-20 Kita-Shinjuku, Shinjuku-ku, Tokyo169-0074",+81-3-3368-0531,http://www.fuji-edu.jp/,info@fuji-edu.jp
Tokyo,Shinjuku-ku,"Fuji International Language Institute, Waseda",4・10,"27-3 Wasedamachi, Shinjuku-ku, Tokyo 162-0042",+81-3-3203-6996,http://www.fuji-edu.jp,info@fuji-edu.jp
Tokyo,Shinjuku-ku,Human Academy Japanese Language School Tokyo Campus,7・10・1,"Waseda Yobiko 13 -Ji Hall 7F, 4-9-9 Takadanobaba, Shinjuku-ku, Tokyo 169-0075",+81-3-5348-8951,http://hajl.athuman.com,tjp22@athuman.com
Tokyo,Shinjuku-ku,ISI Language School,7・10・1,"1-1-1 Shimo-Ochiai, Shinjuku-ku, Tokyo 161-0033",+81-3-3227-6123,info@isi-education.com,http://www.isi-education.com
Tokyo,Shinjuku-ku,International Japanese Training Center,4・10,"Yamazaki Bldg. 202, 2-10-2 Okubo, Shinjuku-ku, Tokyo 169-0072",+81-3-3208-5671,http://www.ijtc.jp/english/index.htm,info@ijtc.jp
Tokyo,Shinjuku-ku,KCP Japanese Language School,4・7・10・1,"Syoei Yotsuya Bldg., 4-25-6 Yotsuya, Shinjuku-ku, Tokyo 160-0004",+81-3-3356-3141,http://www.japanfuji.jp/,info@japanfuji.jp
Tokyo,Shinjuku-ku,"Japanese Language Institute, Nichibei Kaiwa Gakuin, International Education Center",4・7・10・1,"1-21 Yotsuya, Shinjuku-ku, Tokyo 160-0004",+81-3-3359-9600,http://www.nichibei.ac.jp/jli/,jli-info@nichibei.ac.jp
Tokyo,Shinjuku-ku,JASSO Tokyo Japanese Language Education Center,4・10,"3-22-7 Kita-Shinjuku, Shinjuku-ku Tokyo 169-0074",+81-3-3371-7267,http://www.jasso.go.jp/tokyo/index.html,koumu@jasso.go.jp
Tokyo,Shinjuku-ku,Kai Japanese Language School,4・7・10・1,"Miyuki Bldg. 3F, 1-15-18 Okubo, Shinjuku-ku, Tokyo 169-0072",+81-3-3205-1356,http://www.kaij.jp,admission@kaij.co.jp
Tokyo,Shinjuku-ku,KCP International Language Institute,7・10,"KCP the main Bldg., 1-29-12 Shinjuku, Shinjuku-ku, Tokyo 160-0022",+81-3-3356-2359,http://www.kcp.ac.jp,info@kcp.ac.jp
Tokyo,Shinjuku-ku,Labo Japanese Language Institute,7・10・1,"Narukozaka haitsu 2F, 6-26-11 Nishi-Shinjuku, Shinjuku-ku, Tokyo 160-0023",+81-3-5908-3877,http://www.labo-nihongo.com,exchange@labo-global.co.jp
Tokyo,Shinjuku-ku,Mejiro University,-,"4-31-1 Nakaochiai, Shinjuku-ku, Tokyo 161-8539",+81-3-5996-3201,http://www.mejiro.ac.jp/eng/university/index.html,int.center@mejiro.ac.jp
Tokyo,Shinjuku-ku,MIDREAM School of Japanese Language,4・7・10・1,"2-7-11 Hyakunincho, Shinjuku-ku, Tokyo 169-0073",+81-3-3368-4931,http://midream.ac.jp/,midream2005@yahoo.co.jp
Tokyo,Shinjuku-ku,Mitsumine Career Academy Japanese Language Course,7・10・1,"Daisan Yamahiro Bldg., 4-1-1 Kita-shinjuku, Shinjuku-ku, Tokyo 169-0074",+81-3-3368-4931,http://www.mcaschool.jp,info@mcaschool.jp
Tokyo,Shinjuku-ku,HIGASHI SHINJUKU JAPANESE LANGUAGE SCHOOL,7・10・1,"West Bldg., 7-18-7 Shinjuku, Shinjuku-ku, Tokyo 160-0022",+81-3-5292-6355,http://www.nishi-tokyo-jls.com/english/index.html,wu@nishi-tokyo-jls.com
Tokyo,Shinjuku-ku,Samu Language School,7・10・1,"2-2-10 Hyakunin-cho, Shinjuku-ku, Tokyo 169-0073",+81-3-3205-2020,http://www.samu-language.com,kyomusamu@aol.com
Tokyo,Shinjuku-ku,Sendagaya Japanese Institute West Branch,4・10・1,"Shimo-Ochiai Daiwa Bldg., 1-1-29 Nakaochiai, Shinjuku-ku, Tokyo 161-0032",+81-3-3953-691,http://www.jp-sji.org/,jc@jp-sji.org
Tokyo,Shinjuku-ku,Shinjuku Gyoen Gakuin,7・10・1,"1-26-12 Shinjuku, Shinjuku-ku, Tokyo 160-0022",+81-3-3356-1161,http://www.gyoen.co.jp,shinjuku@gyoen.co.jp
Tokyo,Shinjuku-ku,Shinjuku International Exchange School,7・10・1,"1-22-25 Hyakunin-cho, Shinjuku-ku, Tokyo 169-0073",+81-3-5348-6591,http://ija-shinjuku.kohgakusha.com,skk-shinjuku@kohgakusha.com
Tokyo,Shinjuku-ku,Shinjuku Japanese Language Institute,4・10,"2-9-7 Takadanobaba, Shinjuku-ku, Tokyo 169-0075",+81-3-5273-0044,http://www.sng.ac.jp/,jimu_sng_1975@sng.ac.jp
Tokyo,Shinjuku-ku,Tokyo Cosmo Academy,4・10,"4-9-2 Takadanobaba, Shinjuku-ku, Tokyo 169-0075",+81-3-3371-2195,http://www.tokyo-cosmo.com/,info@tokyo-cosmo.com
Tokyo,Shinjuku-ku,Tokyo ELS Japanese Language School,7・10・1,"Okubo Station, Shin-Okubo Station, Shinjuku Station, Higashi-Shinjuku Station",+81-3-5273-0701,http://www.tokyoels.co.jp/,els@yacht.ocn.ne.jp
Tokyo,Shinjuku-ku,Tokyo Foreign Language College,1・4,"7-3-8 Nishi-Shinjuku, Shinjuku-ku, Tokyo 160-0023",+81-3-3367-1181,http://www.tflc.ac.jp/,ryugaku@tflc.ac.jp
Tokyo,Shinjuku-ku,Tokyo International Japanese School,4・10・1,"2-13-6 Shinjuku, Shinjuku-ku, Tokyo 160-0022",+81-3-3350-9761,http://www.tijs.jp,info@tijs.jp
Tokyo,Shinjuku-ku,Japanese Language School Affiliated with Tokyo International University,4・10,"1-32-14 Takadanobaba, Shinjuku-ku, Tokyo 169-0075",+81-3-3205-8101,http://www.jpschool.ac.jp,jp@jpschool.ac.jp
Tokyo,Shinjuku-ku,Tokyo World Language Academy,7・10・1,"Kita-Shinjuku OC Bldg., 1-8-15 Kita-Shinjuku, Shinjuku-ku, Tokyo 169-0074",+81-3-5332-3531,http://twla.jp,twla21@yahoo.co.jp
Tokyo,Shinjuku-ku,UNITAS Japanese Language School Tokyo,7・10・1,"Sankyo Bldg. 2F, 2-2-9 22 Okubo, Shinjuku-ku, Tokyo 169-0072",+81-3-5287-5636,http://www.unitas-ej.com,japanese-tokyo@unitas-ej.com
Tokyo,Shinjuku-ku,Waseda Foreign Language College,4・10,"1-23-9 Takadanobaba, Shinjuku-ku, Tokyo 169-0075",+81-3-3208-8801,http://www.waseda-flc.ac.jp/,waseda.flc.ac.jp@gmail.com
Tokyo,Shinjuku-ku,"Waseda University, Intensive Japanese Language Program",4・9,"1-7-14 Nishi-Waseda, Shinjuku-ku, Tokyo 169-8050",+81-3-5273-3142,http://www.waseda.jp/cjl/html/e_study.index.html,-
Tokyo,Shinjuku-ku,Yohan Japanese Language School,7・10・1,"4-41-1 Takadanobaba, Shinjuku-ku, Tokyo 169-0075",+81-3-3365-6171,http://www.yohanschool.com,yohanschool@hotmail.com
Tokyo,Shinjuku-ku,Yoshida Institute of Japanese Language,7・10・1,"1-23-14 Nishi-Waseda, Shinjuku-ku, Tokyo 169-0051",+81-3-3202-0828,http://yosida.com,yosida@yosida.com
Tokyo,Shinjuku-ku,YU Language Academy,7・10・1,"Palace Bldg., 2-16-25 Ookubo, Shinjuku-ku, Tokyo 169-0072",+81-3-3209-0160,http://www.yula.jp,info@yula.jp
Tokyo,Shinjuku-ku,Japan Tokyo International School,4・7・10・1,"5F 2-7-19 Ichigaya Sadohara-cho, Shinjuku-ku, Tokyo 162-0842",+81-3-3857-6711,http://www.nihongo-ac.jp,nk-jtis@f3.dion.ne.jp
Tokyo,Shinjuku-ku,YU Language Academy,7・10・1,"Palace Bldg., 2-16-25 Ookubo, Shinjuku-ku, Tokyo 169-0072",+81-3-3209-0160,http://www.yula.jp,info@yula.jp
Tokyo,Shibuya-ku,Hiroo Japanese Center,4・7・10・1,"Palacion Hiroo Bldg. 402, 5-19-2 Hiroo, Shibuya-ku, Tokyo 150-0012",+81-3-3444-3481,http://www.japaneselanguage.net,hjc@cb.wakwak.com
Tokyo,Shibuya-ku,Aoyama School of Japanese,7・10・1,"1-5-5 Tomigaya, Shibuya-ku, Tokyo 151-0063",+81-3-3465-9577,http://www.aoyamaschool.com/,mail@aoyamaschool.com
Tokyo,Shibuya-ku,ARC Academy Shibuya School,4・7・10・1,"2-14-7 Shibuya, Shibuya-ku, Tokyo 150-0002",+81-3-3409-1057,http://www.arc-academy.net/,tokyo@arc.ac.jp
Tokyo,Shibuya-ku,OLJ Language Academy,4・7・10,"Nippon-Fudo Bldg., 2-1-13 Shibuya, Shibuya-ku, Tokyo 150-0002",+81-3-3400-7181,http://www.learning-japanese.jp,info@learning-japanese.jp
Tokyo,Shibuya-ku,Yamano Japanese Language School,4・10,"3-10-6 Sendagaya, Shibuya-ku, Tokyo 151-0051",+81-3-5772-5112,http://www.yamano.jp,info@yamano-js.jp
Tokyo,Shibuya-ku,Bunka Institute of Language,4・10,"3-22-1 Yoyogi, Shibuya-ku, Tokyo 151-8521",+81-3-3299-2011,http://www.bunka.ac.jp/bil/bil-hp.htm,bil@bunka.ac.jp
Tokyo,Shibuya-ku,Tokyo Central Japanese Language School,7・10・1,"4-30-3 Sendagaya, Shibuya-ku, Tokyo 151-0051",+81-3-5411-3331,http://www.tcj-nihongo.com,info@tcj-nihongo.co.jp
Tokyo,Shibuya-ku,Shibuya Language School,4・7・10・1,"8-18 Sakuragaoka-cho, Shibuya-ku, Tokyo 150-0031",+81-3-3461-8854,http://www.shibuya-gaigo.com/sls2/outline/index.html,nihongo@shibuya-gaigo.com
Tokyo,Shibuya-ku,The Tokyo School of the Japanese Language,4・10,"16-26 Nanpeidai-cho, Shibuya-ku, Tokyo 150-0036",+81-3-3463-7261,http://www.naganuma-school.ac.jp/index.html,http://www.naganuma-school.ac.jp/contact/form.html
Tokyo,Shibuya-ku,Tokyo Kogakuin Japanese Language School,4・7・10,"5-30-16 Sendagaya, Shibuya-ku, Tokyo 151-0051",+81-3-3352-3851,http://www.technos-jpschool.ac.jp/,info@technos-jpschool.ac.jp
Tokyo,Minato-ku,Aoyama International Education Institute Japanese Language Center,7・10・1,"Aoyama Center Bldg. 3F, 3-8-40 Minami-Aoayama, Minato-ku, Tokyo 107-0062",+81-3-3403-3186,http://www.aoyama-international.com/,info@aoyama-international.com
Tokyo,Minato-ku,Kokusai Zenrin Gakuin,4・10,"1-5-5 Shinbashi, Minato-ku, Tokyo 105-0004",+81-3-3573-3065,http://www.kokusaizenrin.com/,info@kokusaizenrin.com
Tokyo,Minato-ku,"Kazankai Foundation The Toa Language Institute, the",4・10,"Akasaka Kazan Bldg. 3F, 2-17-47 Akasaka, Minato-ku, Tokyo 107-0052",+81-3-5575-6303,bosyu@kazankai.org,http://toagakuin..kazankai.org/
Tokyo,Minato-ku,UJS Language Institute,7・10・1,"3-3-29 Roppongi, Minato-ku, Tokyo 106-0032",+81-3-5545-6941,http://ujsli.jp,info@ujsli.jp
Tokyo,Minato-ku,Edo Cultural Center,7・10・1,"7-10-9 Akasaka, Minato-ku, Tokyo 107-0052",+81-3-3589-0202,http://www.edocul.com,edo@edocul.com
Tokyo,Minato-ku,Tokyo Galaxy Language Academy,7・10・1,"5-10-10 Shiba, Minato-ku, Tokyo 108-0014",+81-3-5765-2805,http://www.tokyo-galaxy.com,info@tokyo-galaxy.com
Tokyo,Minato-ku,Tokyo Shibaura Institute of Foreign Language,4・10,"UP Chuo Tohuku Bldg., 3-1-12 Kaigan, Minato-ku, Tokyo 108-0022",+81-3-5232-2285,http://www.tokyoshibaura.com/,tokyoshibaura21@yahoo.co.jp
Tokyo,Minato-ku,Tokyo Japanese Language Center,4・7・10,"3-5-4 Shiba-Koen, Minato-ku, Tokyo 105-0011",+81-3-3433-3378,http://www.tjlc.jp,info@tjlc.jp
Tokyo,Minato-ku,"Keio University, Japanese Language Program of the Center for Japanese Studies",-,"2-15-45 Mita, Minato-ku, Tokyo 108-8345",+81-3-5427-1614,http://www.ic.keio.ac.jp/nncenter/index.html,ic-jlp@adst.keio.ac.jp
Tokyo,Toshima-ku,Toei Japanese Language Institute,4・7・10・1,"6-18-1 Minami-Nagasaki, Toshima-ku, Tokyo 171-0052",+81-3-3954-1146,http://www.toeigakuin.jp,info@toeigakuin.jp
Tokyo,Toshima-ku,Japan College of Foreign Language Japanese Language Division,4・10,"5-18-17 Mejiro, Toshima-ku, Tokyo 171-0031",+81-3-5996-5411,http://www.jcfl.ac.jp/nihongo,jcmejiro@nifty.com
Tokyo,Toshima-ku,Asia International Language Center,4・7・10・1,"Komagome Little Bldg., 3-2-7 Komagome, Toshima-ku, Tokyo 170-0003",+81-45-680-6866,http://ailc.asia/,info@ailc.asia
Tokyo,Toshima-ku,"Tokyo Institute of Language, Japanese Language Center",7・10・1,"3-26-16 Ikebukuro, Toshima-ku, Tokyo 171-0014",+81-3-3986-4447,http://www.j-study.net,info@j-study.net
Tokyo,Toshima-ku,International Conversation Academy (ICA),7・10・1,"Maruei Bldg. 5F, 3-22-13 Nishi-Ikebukuro, Toshima-ku, Tokyo 171-0021",+81-3-3984-2476,http://www.aikgroup.co.jp/ica/,ica@aikgroup.co.jp
Tokyo,Toshima-ku,International School of Business,4・10,"3-8-1 Sugamo, Toshima-ku, Tokyo 170-0002 (Main campus)",+81-3-3949-7811,http://www.isb.ac.jp,tokyodream@isb.ac.jp
Tokyo,Toshima-ku,An Language School,7・10・1,"2-41-19 Minami-Ikebukuro, Toshima-ku, Tokyo 171-0022",+81-3-3989-0007,http://www.anschool.net,an@anschool.net
Tokyo,Toshima-ku,Meros Language School,7・10・1,"2-45-7 Higashi-Ikebukuro, Toshima-ku, Tokyo 170-0013",+81-3-3980-0068,http://www.meros.jp,info@meros.com
Tokyo,Toshima-ku,Sunshine College,4,"4-23-1 Higashi-Ikebukuro, Toshima-ku, Tokyo 170-8434",+81-3-3982-4281,http://www.tokyo-fukushi.ac.jp/english/en_index.html,-
Tokyo,Toshima-ku,Tokyo Language Center,-,"3-10-12 Takada, Toshima-ku, Tokyo 171-0033",+81-3-5287-4690,NONE,tlc@tokyolc.jp
Tokyo,Toshima-ku,International Academy Japanese Language Institute,7・10・1,"3-28-1 Ikebukuro, Toshima-ku, Tokyo 171-0014",+81-3-5953-3400,http://www.ksa-ikebukuro.com/,info@ksa-ikebukuro.com
Tokyo,Toshima-ku,Sendagaya Japanese School,4・10,"3-18-14 Takada, Toshima-ku, Tokyo 171-0033",+81-3-3987-7001,http://www.jp-sjs.ac.jp/,sendagaya@jp-sjs.ac.jp
Tokyo,Toshima-ku,Toshima Japanese Language Institute,4・10,"1-13-11 Komagome, Toshima-ku, Tokyo 170-0003",+81-3-3942-7001,-,-
Tokyo,Nakano-ku,Tokyo Nakano Language School,7・10・1,"1-27-3 Yayoi-cho, Nakano-ku, Tokyo 164-0013",+81-3-5304-5250,http://www.tnls.net,info@tnls.net
Tokyo,Nakano-ku,International Culture School of Foreign Language,4・10,"Kokusai Jinbun Bldg., 3-26-13 Minamidai, Nakano-ku, Tokyo 164-0014",+81-3-5340-8524,http://ashjb.com,jb1988@world.odn.ne.jp
Tokyo,Nakano-ku,Tokyo Nakano Language School,7・10・1,"1-27-3 Yayoi-cho, Nakano-ku, Tokyo 164-0013",+81-3-5304-5250,http://www.tnls.net,info@tnls.net
Tokyo,Nakano-ku,TCC Japanese Institute,7・10・1,"Dai 5 Sakae Bldg., 5-28-4 Arai, Nakano-ku, Tokyo 165-0026",+81-3-3388-6728,http://www.tcc-ji.com/,tcc-ji@tcc-ji.com
Tokyo,Nakano-ku,East West Japanese Language Institute,4・10,"2-36-9 Chuo, Nakano-ku, Tokyo 164-0011",+81-3-3366-4717,http://www.eastwest.ac.jp/eastwest,info@eastwest.ac.jp
Tokyo,Nakano-ku,Tokyo Japanese Language  and  Culture College,4・10,"4-6-6 Higashi-Nakano, Nakano-ku, Tokyo 164-0003",+81-3-3360-4771,http://www.trajal.ac.jp/jlc/,jlc@trajal.ac.jp
Tokyo,>Chiyoda-ku,OHARA Japanese Language School,7・10・1,"4-4-6 Iidabashi, Chiyoda-ku, Tokyo 102-0072",+81-3-3262-0390,http://jls.o-hara.ac.jp,JLS@o-hara.ac.jp
Tokyo,Chiyoda-ku,YMCA Asian Language Institute Japanese Language School,7・10・1,"2-5-5 Sarugaku-cho, Chiyoda-ku, Tokyo 101-0064",+81-3-3233-0615,http://www.ymcajapan.org/ayc/nihongo/EN/EN_regular_course.html,ayc@ymcajapan.org
Tokyo,Chiyoda-ku,Kyoritsu Foundation Japanese Language Academy,4・10,"6-13-2 Kanda, Chiyoda-ku, Tokyo 101-0021",+81-3-5846-7580,http://www.kif-org.com/naj/,infom1@naj-ac.jp
Tokyo,Chiyoda-ku,Kokusai Gaigogakuin,7・10・1,"2-1-9 Higashi-Kanda, Chiyoda-ku, Tokyo 101-0031",+81-3-5687-1578,http://ifls.jp,kokusai@cronos.ocn.ne.jp
Tokyo,Chiyoda-ku,Chiyoda International Language Academy,7・10・1,"2-13-12 Iwamoto-cho, Chiyoda-ku, Tokyo 101-0032",+81-3-3865-0818,http://www.cila.jp,info@cila.jp
Tokyo,Chiyoda-ku,Kudan Institute of Language  and  Culture,7・10・1,"Sunlight Bldg. 3F, 3-2-1 Kanda-Jinbo-cho, Chiyoda-ku, Tokyo 101-0051",+81-3-3239-7923,info@geos-japanese-insti.co.jp,info@kilc.co.jp
Tokyo,Suginami-ku,TOPA 21st Century Language School,7・10・1,"1-21-3 Koenji-Kita, Suginami-ku, Tokyo 166-0002",+81-3-5380-5011,http://www.topa21.co.jp,office@topa21.co.jp
Tokyo,Suginami-ku,Shinwa Gaigo Academy,4・7・10・1,"2-14-16 Shimo-Igusa, Suginami-ku, Tokyo 167-0022",+81-3-3390-8543,http://www.geocities.jp/jshinwa/,jshinwa@ybb.ne.jp
Tokyo,Suginami-ku,Tokyo Noah Language School,4・7・10・1,"3-49-9 Horinouchi, Suginami-ku, Tokyo 166-0013",+81-3-3315-8511,http://www.tokyonoah.com,tokyo.noa@jcom.home.ne.jp
Tokyo,Suginami-ku,Tokyo Sanritsu Academy,4・7・10,"1-3-14 Kami-Takaido, Suginami-ku, Tokyo 168-0074",+81-3-3304-4560,office@tokyo-sanritsu.jp,http://www.tokyo-sanritsu.jp
Tokyo,Suginami-ku,Gendai Language School,4・10,"1-25-15 Hon-Amanuma, Suginami-ku, Tokyo 167-0031",+81-3-3399-4366,http://www.gendai813.com/,contact@gendai813.com
Tokyo,Bunkyo-ku,"Takushoku University, Intensive Japanese Language Program for Overseas Students",4,"1-7-1 Otsuka, Bunkyo-ku, Tokyo 112-0012",+81-3-3947-8079,http://www.takushoku-u.ac.jp/english/index.html,web_adm@ofc.takushoku-u.ac.jp
Tokyo,Bunkyo-ku,The Institute of Japanese-Chinese Studies,4,"1-5-3 Koraku, Bunkyo-ku, Tokyo 112-0004",+81-3-3814-3591,http://www.rizhong.org/,info@rizhong.org
Tokyo,Bunkyo-ku,Hongo Language School,4・10,"2-4-8 Yushima, Bunkyo-ku, Tokyo 113-0034",+81-3-5803-7199,-,-
Tokyo,Bunkyo-ku,"Japanese Language Institute, Asian Students Cultural Association",7・10・1,"2-12-13 Honkomagome, Bunkyo-ku, Tokyo 113-0021",+81-3-3946-2171,http://www.abk.or.jp,nihongo@abk.or.jp
Tokyo,Taito-ku,Tamagawa International Language School Culture Department,4・7・10・1,"Tamagawa International Bldg., 5-15-10 Asakusabashi, Taito-ku, Tokyo 111-0053",+81-3-3861-8710,http://www.tils.co.jp,info@tils.ac.jp
Tokyo,Taito-ku,Tamagawa International Language School,4・7・10・1,"Tamagawa International Bldg., 5-15-10 Asakusabashi, Taito-ku, Tokyo 111-0053",+81-3-3861-8201,http://www.tils.co.jp,info@tils.co.jp
Tokyo,Taito-ku,Aisei Institute of Education,4・10,"3-21-7 Asakusabashi, Taito-ku, Tokyo 111-0053",+81-3-6904-3767,http://aiseikyoikugakuen.rakurakuhp.com,aisei_kyoikugakuen@yahoo.co.jp
Tokyo,Taito-ku,Inter-Cultural Institute of Japan,4・7・10・1,"2-20-9 Taito, Taito-ku, Tokyo 110-0016",+81-3-5816-4861,http://www.incul.com,incul@incul.com
Tokyo,Taito-ku,LIC Kokusai Gakuin,4・7・10・1,"4-1-11 Higasi-Ueno, Taito-ku, Tokyo 110-0015",+81-3-5830-8305,http://www.lic.home-world.net,info@lic.home-world.net
Tokyo,Taito-ku,Tokyo Riverside School,-,"Sunny Bldg. 2-2-5 Hanakawado, Taito-ku, Tokyo 111-0033",+81-3-3847-4871,http://www.tokyoriverside.co.jp,japanese-school@tokyoriverside.co.jp
Tokyo,Taito-ku,Tokyo International Business College,4・10,"2-7-5 Yanagibashi, Taito-ku, Tokyo 111-0052",+81-3-5825-8338,http://www.tibc.jp,info@tibc.jp
Tokyo,Taito-ku,Tokyo International Culture Education Institute,4・7・10,"2-13-2 Kuramae, Taito-ku, Tokyo 111-0051",+81-3-3861-4511,http://www.tokyo-icei.jp,ticei@tokyo-icei.jp
Tokyo,Taito-ku,Waseda Bunka Kan Nihongoka,4・7・10・1,"Waseda Bunka-kan Bldg., 2-18-9 Yanagibashi, Taito-ku, Tokyo 111-0052",+81-3-3863-4111,http://waseda-jp.org/,info@waseda-jp.org
Tokyo,Edogawa-ku,Tokyo Language Education Academy,4・7・10・1,"5-23-7 Hirai, Edogawa-ku, Tokyo 132-0035",+81-3-5631-5601,http://www.tokyolea.jp,tokyolea@tokyolea.jp
Tokyo,Edogawa-ku,Jishugakkan Japanese Language Institute,4・7・10・1,"2-1-22 Mizue, Edogawa-ku, Tokyo 132-0011",+81-3-3679-3813,http://www1.ocn.ne.jp/~jsg/,jishu08@guitar.ocn.ne.jp
Tokyo,Edogawa-ku,Tokyo International Asahi Institute,4・7・10・1,"1-7-8 Higashi-Kasai, Edogawa-ku, Tokyo 134-0084",+81-3-5679-8491,-,marimoriasahi@ybb.ne.jp
Tokyo,Edogawa-ku,Toho International College,4・7・10・1,"5-15-2 Higashi-Kasai, Edogawa-ku, Tokyo 134-0084",+81-3-3878-9630,http://www.toho-ac.jp/,toho-tokyo@mba.nifty.com
Tokyo,Edogawa-ku,Toyo Language School,4・7・10・1,"8-3-13 Nishi-Kasai, Edogawa-ku, Tokyo 134-0088",+81-3-5605-6211,http://www.tls-japan.com,info@tls-japan.com
Tokyo,Edogawa-ku,Tokyo Masuda Japanese Language School,4・10,"4-13-4 Hirai, Edogawa-ku, Tokyo 132-0035",+81-3-3685-8555,http://home.interlink.or.jp/~au-tmc/,au-tmc@interlink.or.jp
Tokyo,Edogawa-ku,Koiwa International Language School,-,"2-3-4 Kita-Koiwa, Edogawa-ku, Tokyo 133-0051",+81-3-5622-2345,-,info@koiwa-ils.co.jp
Tokyo,Meguro-ku,Evergreen Language School,4・7・10・1,"1-21-18 Yutenji, Meguro-ku, Tokyo 153-0052",+81-3-3713-4958,http://www.evergreen.gr.jp/,info@evergreen.gr.jp
Tokyo,Meguro-ku,New Global Language School,4・7・10・1,"1-7-10 Ohashi, Meguro-ku, Tokyo 153-0044",+81-3-3770-6071,http://www.newglobal.co.jp/school,school@newglobal.co.jp
Tokyo,Meguro-ku,Gregg International College Japanese Language Seminar,-,"1-14-6 Jiyugaoka, Meguro-ku, Tokyo 152-0035",+81-3-3724-0551,http://www.gregg.ac.jp,jyugaoka@gregg.ac.jp
Tokyo,Kita-ku,A. T. I. Tokyo Japanese Language School,4・7・10・1,"CT Bldg., 1-27-12 Tabata-Shin-cho, Kita-ku, Tokyo 114-0012",+81-3-5692-1900,http://www.atijls.com,ati@mint.ocn.ne.jp
Tokyo,Kita-ku,JET Academy,4・10,"3, 4F, 7-8-9 Takinogawa, Kita-ku, Tokyo 114-0023",+81-3-3916-2101,http://jet.ac.jp/,info@jet.ac.jp
Tokyo,Kita-ku,Japanese Language School of the Tokyo Foreign Language Academy,4・7・10・1,"3-19-21 Ukima, Kita-ku, Tokyo 115-0051",+81-3-3966-8910,http://www.tgn.ac.jp,office@tgn.ac.jp
Tokyo,Kita-ku,System Toyo Gaigo,4・7・10・1,"1-6-6 Higashi-Tabata, Kita-ku, Tokyo 114-0013",+81-3-3810-5490,http://www.systemtoyo.com,123@systemtoyo.com
Tokyo,Kita-ku,Asia Fellowship Society Japanese Language School,4・7・10・1,"2-23-4 Oji, Kita-ku, Tokyo 114-0002",+81-3-5390-3267,http://www.asiatomo.com.cn/,asiatomo@saturn.plala.or.jp
Tokyo,Katsushika-ku,TIJ Tokyo Institute of Japanese,4・10,"1-17-10 Shin-Koiwa, Katsushika-ku, Tokyo 124-0024",+81-3-5607-4100,http://www.tij.ne.jp,tij@tij.ne.jp
Tokyo,Katsushika-ku,Joto Japanese School,4・10,"1-26-15 Nishi-Kameari, Katsushika-ku, Tokyo 124-0002",+81-3-3604-1150,http://www5.ocn.ne.jp/~joto/,joto@crocus.ocn.ne.jp
Tokyo,Katsushika-ku,Hana International Academy,4・7・10・1,"1-6-12 Ohanachaya, Katsushika-ku, Tokyo 124-0003",+81-3-3603-2400,http://www.hanaacademy.com,academy@hanaacademy.com
Tokyo,Katsushika-ku,Sun-A International Academy,4・10,"1-33-9 Shin-Koiwa, Katsushika-ku, Tokyo 124-0024",+81-3-3651-0801,http://www.sun-A-tokyo.jp,info@sun-a-tokyo.jp
Tokyo,Koto-ku,Tokyo JE Language School,4・7・10・1,"2-19-2 Kiba, Koto-ku, Tokyo 135-0042",+81-3-5602-9771,http://tokyoje.sub.jp,tokyoje@gl.sub.jp
Tokyo,Koto-ku,Shurin College of Foreign Languages,4・10,"3-4-7 Ojima, Koto-ku, Tokyo 136-0072",+81-3-3638-7511,http://shurin.ac.jp,info@shurin.ac.jp
Tokyo,Koto-ku,Tokyo Nihonbashi Institute of Foreign Language,4・7・10・1,"2-34-11 Ningyo-cho, Nihonbashi, Chuo-ku, Tokyo 103-0013",+81-3-3666-8866,http://yieatokyo.com/,info@yieatokyo.com
Tokyo,Koto-ku,Kinoshita Campus Japanese Language School,4・7・10・1,"Kinoshita Bldg., 4-2-4 Oshima, Koto-ku, Tokyo 136-0072",+81-3-5609-3512,knst-1@knstschool.com,http://www.knstschool.com
Tokyo,Arakawa-ku,International Education Culture Center,4・7・10・1,"Ooba Bldg. 2F, 5-16-2 Nishi-Nippori, Arakawa-ku, Tokyo 116-0013",+81-3-3802-2193,http://www.ieccschool.com,ieccnippori@ybb.ne.jp
Tokyo,Arakawa-ku,Dynamic Business College,4・7・10・1,"2-51-8 Nishi-Nippori, Arakawa-ku, Tokyo 116-0013",+81-3-3802-8810,http://www.dbcjapan.com,dbc-k@d-b-c.co.jp
Tokyo,Arakawa-ku,"Akamonkai International Language Academy, Nippori College",4・7・10・1,"2-54-4 Nishi-Nippori, Arakawa-ku, Tokyo 116-0013",+81-3-3806-6102,http://www.akamonkai.ac.jp,honko@akamonkai.ac.jp
Tokyo,Ota-ku,Japanese Language School affiliated with Tokyo University of Technology,4・10,"5-23-22 Nishi-Kamata, Ota-ku, Tokyo 144-8655",+81-3-3732-1071,http://www.jst.ac.jp,info@jst.ac.jp
Tokyo,Ota-ku,Tokyo College of Education Tamagawa School,4・7・10・1,"3-9-6 Chidori, Ota-ku, Tokyo 146-0083",+81-3-3757-8491,http://homepage3.nifty.com/20yo/,sakura@nihongo21tyo.jp
Tokyo,Ota-ku,Westcoast Language School,4・7・10・1,"35-13 Higashiminemachi, Ota-ku, Tokyo 145-0074",+81-3-3759-5831,http://www.wls-jp.com,info@wls-jp.com
Tokyo,Sumida-ku,Shurin Japanese School,4・7・10・1,"1-2-3 Ryogoku, Sumida-ku, Tokyo 130-0026",+81-3-3632-1071,http://www.shurin.ac.jp,nihongo@shurin.ac.jp
Tokyo,Sumida-ku,Shinpo International Institute,4・7・10・1,"3-4-3 Chitose, Sumida-ku, Tokyo 130-0025",+81-3-5600-8772,http://www.shinpoii.com,shinpoii@yahoo.co.jp
Tokyo,Sumida-ku,MANABI Japanese Language Institute,4・7・10・1,"Hotei Bldg. 6F, 1-11-7 Kotobashi, Sumida-ku, Tokyo 130-0022",+81-3-5624-5999,http://www.manabi.co.jp,info-tokyo@manabi.co.jp
Tokyo,Setagaya-ku,Tokyo Hinoki Foreign Language School,4・7・10・1,"2-29-7 Kitazawa, Setagaya-ku, Tokyo 155-0031",+81-3-3465-3000,http://hinoki-japan.com,info@hinokijapan.com
Tokyo,Cyuo-ku,The International Institute of Japanese Language,4・7・10・1,"Kokusai Nihongo Gakuin Bldg., 3-36-4 Hamamachi, Nihonbashi, Chuo-ku, Tokyo 103-0007",+81-3-5642-6125,http://www.icea-j-school.co.jp,info@icea-j-school.co.jp
Tokyo,Adachi-ku,Tokyo Johoku Japanese Language School,4・7・10・1,"5-6-18 Takenotsuka, Adachi-ku, Tokyo 121-0813",+81-3-5242-8501,http://www.tokyojohoku.com,info@tokyojh.com
Tokyo,Itabashi-ku,Shukutoku Japanese Language School,4,"5-24-8 Maeno-cho, Itabashi-ku, Tokyo 174-0063",+81-3-5392-8850,http://www.shukutoku-school.com,shukutoku-school@hotmail.co.jp
Tokyo,Itabashi-ku,Kokusho Japanese Language School,4・7・10・1,"2-10-5 Shimura, Itabashi-ku, Tokyo 174-0056",+81-3-5970-7802,http://www.kokusho.co.jp/school,school@kokusho.co.jp
Tokyo,Musashino,Kichijoji Language School,4・7・10・1,"2-3-15 701 Minami-machi, Kichijoji, Musashino-shi, Tokyo 180-0003",+81-422-47-7390,http://www.klschool.com,info@klschool.com
Tokyo,Musashino,Asia University Intensive Japanese Course,1,"5-24-10 Sakai, Musashino-shi, Tokyo 180-8629",+81-422-36-3431,http://www.asia-u.ac.jp/english/03.html,kkcinfo@asia-u.ac.jp
Tokyo,Mitaka,Asia-Africa Linguistic Institute the Japanese Department,4・10,"5-14-16 Shinkawa, Mitaka-shi, Tokyo 181-0004",+81-422-48-5515,http://www.aacf.or.jp,aalijd@parkcity.ne.jp
Tokyo,Machita,Obirin University,4・9,"3758 Tokiwamachi, Machida-shi, Tokyo 194-0294",+81-42-704-7041,http://www.obirin.ac.jp/en/index.html,rywx@obirin.ac.jp
Tokyo,Kiyose,Tokyo Education Culture Institute,4・7・10・1,"1-41-15 Matsuyama, Kiyose-shi, Tokyo 204-0022",+81-42-494-7070,info@tokyoeci.jp,http://www.tokyoeci.jp
Tokyo,Hino,Tokyo West International Education Academy,4・10,"8-4-2 Hodokubo, Hino-shi, Tokyo 191-0042",+81-42-599-5931,http://www.tokyo-west.net,info@tokyo-west.net
Tokyo,Hino,Gakuhou Japanese Language Institute,4・10,"5-6-3 Hirayama, Hino-shi, Tokyo 191-0043",+81-42-593-2807,http://www.gakuhou-japan.com,info@gakuhou-japan.com
Tokyo,Hachioji,Tokyo International Exchange School,4・7・10・1,"2-3-16 Sennin-cho, Hachioji-shi, Tokyo 193-0835",+81-426-669-4250,http://www.tkkgakuin.com,kouryugakuin@dream.com
Tokyo,Hachioji,Teikyo University The Foreign Students’ Program (The Japanese Language Course),-,"359 Otsuka, Hachioji-shi, Tokyo 192-0395",+81-426-78-3237,-,-
Tokyo,Hachioji,"Soka University, The Institute of the Japanese Language (Special Course)",-,"1-236 Tangimachi, Hachioji-shi, Tokyo 192-8577",+81-42-691-8230,http://www.soka.ac.jp/en/dept_grad/others.html,-
Tokyo,Hachioji,Special Japanese Training Program Center for International Communications Kyorin University,4・9,"476 Miyashitamachi, Hachioji-shi, Tokyo 192-8508",+81-426-91-0011,http://www.kyorin-u.ac.jp/English/international.html,nyushi@ks.kyorin-u.ac.jp
Tokyo,Fussa,New Japan Academy,4・7・10・1,"2049 Fussa, Fussa-shi, Tokyo 197-0011",+81-42-553-6420,http://www.nja.co.jp,info@nja.co.jp
Tokyo,Fussa,Tokyo Hirata Japanese Language School,4・7・10・1,"906-2 Fussa, Fussa-shi, Tokyo 197-0011",+81-42-552-6957,http://www.hirata-jls.com,hirata-j.l.s@circus.ocn.ne.jp
Chiba,Chiba,UENO LOW＆BUSINESS COLLEGE Japanese Language Course,4・10,"1-25-15 Imai, Chuo-ku, Chiba-shi, Chiba 260-0815",+81-43-305-3305,http://jp.uenohouka.ac.jp,info@jp.uenohouka.ac.jp
Chiba,Chiba,Kanda University of International Studies Japanese Language and Culture Program,4・9,"1-4-1 Wakaba, Mihama-ku, Chiba-shi Chiba-ken 261-0014",+81-43-273-1320,http://www.kuis.ac.jp/e/index.html,japanese@kanda.kuis.ac.jp
Chiba,Chiba,College of Futaba Foreign Languages,4・7・10,"Clean Bldg Chiba., 2-6-8 Shinjuku, Chuo-ku, Chiba-shi, Chiba 260-0021",+81-43-244-9081,http://www.eastwest.ac.jp/futaba,futaba@eastwest.ac.jp
Chiba,Chiba,3H Japanese Language School,4・7・10・1,"2-12-16 Shin Chiba, Chuo-ku Chiba-shi, Chiba 260-0031",+81-43-247-9638,http://www.go3h.com/,go3hjp@yahoo.co.jp
Chiba,Chiba,INTERNATIONAL TRAVEL  and  HOTEL SCHOOL,4・10,"2-11-2 Shinjuku, Chuo-ku, Chiba-shi, Chiba 260-0021",+81-43-204-5050,-,-
Chiba,Chiba,The Central International Culture Academy,4・10,"2-14-12 Innai, Chuo-ku, Chiba-Shi, Chiba 260-0018",+81-43-225-1766,http://www.cicacademy.net/,info@cicacademy.com
Chiba,Chiba,Makuhari Japanese Language School,4・9,"2-5-13 Makuhari Hongo, Hanamigawa-ku, Chiba-shi, Chiba 262-0033",+81-43-350-1665,-,-
Chiba,Urayasu,Meikai Univwrsity Special Japanese Language Course,4・9,"1 Akemi, Urayasu-shi, Chiba 279-8550",+81-47-355-6918,http://kite.meikai.ac.jp/jc/japanese/main.html,-
Chiba,Ichikawa,Mizuno Gaigo Gakuin,4・7・10・1,"4-19-14 Gyoutokuekimae, Ichikawa, Chiba 272-0133",+81-47-397-9645,http://www.mizunogaigogakuin.com,mizuno@mizunogaigogakuin.com
Chiba,Ichikawa,Daido International School,4・7・10・1,"15-8 Minato, Ichikawa-shi, Chiba 272-0131",+81-47-318-7118,http://www16.ocn.ne.jp/~daidokg,daido-kg@trad.ocn.ne.jp
Chiba,Ichikawa,Ichikawa Japanese Language Institute,4・7・10・1,-,+81-47-329-2121,http://aiueo.ws/,japan@aiueo.ws
Chiba,Funabashi,Funabashi International Language School,4・10,"SMI Funabashi Bldg., 2-1-7 Minato-cho, Funabashi-shi, Chiba 273-0011",+81-47-397-9645,http://www.e-fils.com,info@e-fils.com
Chiba,Funabashi,Funabashiinternational North Campus,4・7・10・1,"2-1-6 Minato-chi, Funabashi-shi, Chiba 273-0011",+81-47-495-3311,-,fils-n@e-isf.com
Chiba,Funabashi,Funabashi International Minato Campus,4・10/td>,"SMI Dai-ni Bldg.,2F 2-1-6 Minato-cho, Funabashi-shi, Chiba 273-0011",+81-47-434-2535,-,fils-m@e-fils.com
Chiba,Funabashi,JAPAN LIBERAL ARTS LANGUAGE SCHOOL,4・10,"13-10 Minamihon-cho, Funabashi-shi, Chiba 273-0004",+81-47-495-0888,http://www.jlaschool.com,schooljla@yahoo.co.jp
Chiba,Matudo,Matsudo International School,4・7・10・1,"3F Yuasa Bldg. Higurashi, Matsudo-shi, Chiba 270-2253",+81-47-389-0901,http://mijpschool.com,info@mijpschool.com
Chiba,Matudo,Meisei Institute of Cybernetics Japanese Language Department,4・10,"1-130-1 Shin-matsudo, Matsudo-shi, Chiba 270-0034",+81-47-346-2211,http://www.meisei-mic.ac.jp,MIC@meisei-mic.ac.jp
Chiba,Matudo,KEN School of Japanese Language,4・10・1,"Okawa Bldg., 4-48 Shin-Matsudo, Matsudo-shi, Chiba 270-0034",+81-47-346-9750,http://www.kenjp.com/,ken.school@nifty.ne.jp
Chiba,Kashiwa,Reitaku University Japanese Language Course,4,"2-1-1 Hikarigaoka, Kashiwa-shi, Chiba 277-8686",+81-47-173-3690,http://www.reitaku-u.ac.jp/jpn_lang_course/index.php,-
Chiba,Kashiwa,Chiba International Academy,4・10,"3-18-12 Kaga, Kashiwa-shi, Chiba 277-0051",+81-4-7171-0022,http://www.chiba-cia.jp,info@chiba-cia.jp
Chiba,Kashiwa,Asahi International School,4・7・10・1,"Janome Kashiwa Bldg. 2F, 2-2-23 Akehara, Kashiwa-shi, Chiba 277-0843",+81-4-7146-1145,-,akgakuin@m21.alpha-net.ne.jp
Chiba,Togane,Josai International University Japanese Studies Program,4・9,"1 Gumyo, Togane-shi, Chiba 283-8555",+81-475-55-8859,http://www.jiu.ac.jp/bekka/,abmaster@jiu.ac.jp
Chiba,Narashino,NARASHINO INSTITUTE OF FOREIGN LANGUAGES,4・7,"4-1-8 Ookubo, Narashino-shi, Chiba 275-0011",+81-47-474-6368,http://www.nfl8.com,narashinogaigo@yahoo.co.jp
Chiba,Narita,Narita Japanese Language School,4・10,"1-44-2, Hashiga-dai, Narita-shi, Chiba 286-0037",+81-476-26-5321,http://www.sun-valley.jp/web/njls/njls_index.html,naritang@au.wakwak.com
Chiba,Katsuura,International Budo University,4,"841 Shinkan, Katsuura, Chiba 299-5295",+81-7173-3690,http://www.budo-u.ac.jp/outline/p16_physical_sc/index.html,kokusai@budo-u.ac.jp
Chiba,Kamogawa,MURAYAM GAKUEN JAPANESE SCHOOL,4・10,"815 Yokosuka, Kamogawa-shi, Chiba 296-0001",+81-4-7092-0267,-,-
Chiba,Choshi,CHIBA INSTITUTE OF SCIENCE Intensive Japanese Language Program,4,"3 Shimicho, Choshi-shi, chiba 388-0025",+81-479-30-4500,http://www.cis.ac.jp/information/bekka/index.html,koho@cis.ac.jp
Chiba,Abiko,MEIYUU JAPANESE LANGUAGE SCHOOL,4・10,"4-4-14 Shibasakidai, Abiko-shi, Chiba 270-1176",+81-4-7190-5931,http://www.meiyuu-ac.com/japan/index.html,meiyuu@hop.ocn.ne.jp
Kanagawa,Yokohama,Kanrin Japanese School,4・7・10・1,"5-3 Enokigaoka, Aoba-ku, Yokohama-shi, Kanagawa 227-0063",+81-45-983-2228,http://www.kanrin.net/,info@kanrin.net
Kanagawa,Yokohama,"Tokyo International Academy, Yokohama",4・7・10・1,"Asakawa Bldg., 2-2-6 Minamisaiwai, Nishi-ku, Yokohama-shi, Kanagawa 220-0005",+81-45-323-6731,http://www.tokyo-kokusai-bunkagakuin.jp,yokohama@tokyo-kokusai-bunkagakuin.jp
Kanagawa,Yokohama,Yokohama International Education Academy,4・10・1,"43 Miyazakicho, Nishi-ku, Yokohama-shi, Kanagawa 220-0031",+81-45-250-3656,http://www.yiea.com,admissions@yiea.com
Kanagawa,Yokohama,Yokohama Design College,4・10,"1-33-6 Chuo, Nishi-ku, Yokohama-shi, Kanagawa 220-0051",+81-45-323-0300,http://www.ydc.ac.jp,info@ydc.ac.jp
Kanagawa,Yokohama,Iwatani College of Business,4・10,"IWATANI Building 5, 1-38-19 Hiranuma, Nishi-ku, Yokohama-shi, Kanagawa 220-0023",+81-45-290-6388,http://www.icb.ac.jp/japanese,info@ailc.asia
Kanagawa,Yokohama,Yokohama Japanese Language School,4・10,"2-86-38 Mutsugata, Minami-ku, Yokohama-shi, kanagawa 232-0066",+81-45-325-8381,http://yokohamaschool.com,yokohamaschool@hotmail.com
Kanagawa,Yokohama,KOSHI COLLEGE,4・10,"TSBldg. 3-7-6 Yoshino-cho, Minami-ku, Yokohama-shi, Kanagawa 232-0014",+81-45-334-7989,http://www.koshi-edu.com/japan/index.html,info@koshi-edu.com
Kanagawa,Yokohama,Yokohama YMCA College,4・10,"1-7 Tokiwa-cho, Naka-ku, Yokohama-shi, Kanagawa 231-8458",+81-45-661-0080,http://www.yokohamaymca.ac.jp/gakuin-jls/jp/course/,nihongo@yokohama-ymca.or.jp
Kanagawa,Yokohama,Asia International Language Center,4・7・10・1,"Komagome Little Bldg., 3-2-7 Komagome, Toshima-ku, Tokyo 170-0003",+81-45-680-6866,http://ailc.asia/,info@ailc.asia
Kanagawa,Yokohama,Aishin International Language Institute,4・10,"Noge-cho, 1-29-4, Naka-ku, Yokohama-shi, Kanagawa 231-0064",+81-45-242-0919,-,aishinkokusai@proof.ocn.ne.jp
Kanagawa,Yokohama,Asuka Gakuin Language Institute,4・7・10・1,"1-36, Hinode-cho, Naka-ku, Yokohama-shi, Kanagawa 231-0066",+81-45-231-2811,http://www.asuka-ac.jp,aska-k@cnr.ne.jp
Kanagawa,Yokohama,Yokohama International Japanese Language School,4・10,"MSBldg, 8-5Izumi-cho, Kanagawa-ku, Yokohama-shi, Kanagawa 221-0842",+81-45-290-9830,http://www.yijls.com,info@yijls.com
Kanagawa,Yokohama,Yokohama Shuho International School,4・10,"Clio Kanagawa-Shinmachi-Nibankan 201, 359-1 Urashima-cho, Kanagawa-ku, Yokohama-shi, Kanagawa 221-0042",+81-45-444-0888,http://www.shuuhou.school-info.jp,tk@shuuhou.school-info.jp
Kanagawa,Yokohama,Fureai Yokohama College Japanese Language Course,4・10,"3-32, Tsuruya-cho, Kanagawa-ku, Yokohama-shi, Kanagawa 221-0835",+81-45-311-5485,http://www.fureai-g.or.jp/fyc/jc/jp/,nihongo@fureai-g.or.jp
Kanagawa,Kawasaki,College of Business and Communication,4・10,"22-9 Ekimae-honcho, Kawasaki-ku, Kawasaki-shi Kanagawa-ken 210-0007 Japan",+81-44-244-3200,http://www.cbc.ac.jp/,jpn@cbc.ac.jp
Kanagawa,Kawasaki,"International Education Culture Center,Tokyo Education Speciality",4・7・10・1,"10 Hiranuma Bldg., 11-10 Ogawa-machi, Kawasaki-ku, Kawasaki-shi, Kanagawa 210-0023",+81-44-246-5573,http://www.iecc-ks.com,ksiecc_2@yahoo.co.jp
Kanagawa,Kawasaki,The Kohwa Institute of Japanese Language,4・10,"11-2 Higashida-cho, Kawasaki-ku, Kawasaki-shi, Kanagawa 210-0005",+81-44-233-4261,http://www.kohwa-ijl.co.jp,chou@kohwa-ijl.co.jp
Kanagawa,Kawasaki,Logos International Institute,4・10,"St. Ruricol 2F, 356, Nakamaruko, Nakahara-ku, Kawasaki-shi, Kanagawa 211-0012",+81-44-433-3663,http://www.logos1987.jp,info@logos1987.jp
Kanagawa,Sagamihara,NITTO INTERNATIONAL SCHOOL,4・10,"4-21-15 Hashimoto, Midori-ku, Sagamihara-shi, Kanagawa 252-0143",+81-42-772-0898,http://www.ntis.jp/,nittokokusai@tbr.t-com.ne.jp
Kanagawa,Yokosuka,KANAGAWA BUNRI SCHOOL LANGUAGE TRAINING CENTER,4・10,"Yamamoto bldg 5F, 1-21 Wakamatsu-cho, Yokosuka-shi, Kanagawa 238-0007",+81-46-821-0039,-,-
Kanagawa,Fujisawa,Shonan Institute of Technology,4・10,"1-1-25 Tsujidonishikaigan Fujisawa-shi,Kanagawa 251-8511 JAPAN",+81-466-36-6251,http://www.shonan-it.ac.jp/contents/examination/002709.html,-
Kanagawa,Atsugi,Kanagawa Institute of Technology Intensive Japanese Course for International Students,4・10,"1030 Shimo-Ogino, Atsugi-shi, Kanagawa 243-0292",+81-46-291-3313,http://www.kait.jp/about/international/foreign_students/,ic@kait.jp
Kanagawa,Atsugi,YMCA College of Human Services Department of Japanese Languag,4・10,"4-16-19 Naka-cho, Atugi-shi, Kanagawa 243-0018",+81-46-223-1441,http://www.yokohamaymca.ac.jp/health/,yokohama@yokohama-ymca.or.jp
Kanagawa,Hiratsuka,Tokai University Japanese Language Course for Foreign Students,4・10,"4-1-1 Kitakaname, Hiratsuka-shi, Kanagawa 259-1292",+81-463-58-1211,http://www.u-tokai.ac.jp/undergraduate/japanese_language_course/index.html,-
Kanagawa,Isehara,INTERNATIONAL WELLNESS COLLEGE JAPANESE LANGUAGE SCHOOL,4・7・10・1,"1160-1　Zenba, Isehara-shi, Kanagawa 259-1106",+81-463-92-3701,http://www.kokusai-kenko.school-info.jp,kokusai@vega.ocn.ne.jp
Saitama,Saitama,Tokyo Nichigo Gakuin,4・7・10・1,"5-14-11 Shimo-ochiai, Chuo-ku, Saitama-shi, Saitama 338-0002",+81-48-857-9801,http://www.tngtng.com,nichigo@crest.ocn.ne.jp
Saitama,Saitama,Saitama Japanese Language School,4・10,"1-58-1 Dote-cho, Omiya-ku, Saitama-shi, Saitama 330-0842",+81-48-642-8058,http://www.s-jls.com,info@s-jls.com
Saitama,Saitama,Academic Institution MITSUI GAKUEN Musashi-Urawa Japanese Language Institute,4,"4-14-7, Shikatebukuro, Minami-ku, Saitama-shi, Saitama 336-0031",+81-48-845-7021,http://www.musashi-nihongo.jp,fo@musashi-nihongo.jp
Saitama,Saitama,Urawa International Educathion Center,4・7・10・1,"3-16-7, Maeji, Urawa-ku, Saitama-shi, Saitama 330-0053",+81-48-813-7831,http://www.uiec.jp,info@uiec.jp
Saitama,Saitama,Yonogakuin Japanese Language School,4・7・10・1,"4-78 Kishiki-cho, Omiya-ku, Saitama-shi, Saitama 330-0843",+81-48-647-2500,http://www.yono-gakuin.co.jp,info@yono-gakuin.co.jp
Saitama,Kawaguchi,Toyo Academy Japanese School,4・10,"Hikari Bldg., 4-2-8 Hon-cho, Kawaguchi-shi, Saitama 332-0012",+81-48-222-7875,http://www.toyoacademy.jp,info@toyoacademy.jp
Saitama,Warabi,Oji International Language Institute,4・10,"3-14-14 Chuo, Warabi-shi, Saitama 335-0004",+81-48-229-0618,http://oji-gaigo.com,liu-sx@oji-gaigo.com
Saitama,Niza,"Intensive Japanese Language for Foreign Students, Jumonji University",4・9,"2-1-28 Sugasawa, Niiza-shi, Saitama 352-8510",+81-48-477-0603,http://www.jumonji-u.ac.jp/bekka/index.html,-
Saitama,Niza,Chuo Computer＆Communication College,4・10,"2-33-10 Tohoku Niiza-shi, Saitama 352-0001",+81-48-470-1717,http://www.ccmc.ac.jp/,jc@ccmc.ac.jp
Saitama,Kawagoe,YAMATE INTERNATIONAL SCHOOL,4・10,"11-10 Wakita-honcho, Kawagoe-shi, Saitama 350-1123",+81-49-241-1515,http://yis.ygnet.jp/index_e.html,yis@ygnet.jp
Saitama,Kawagoe,International Computer and Business College Japanese Language School,4・10,"2797-30 Matoba, Kawagoe-shi, Saitama 350-1101",+81-49-233-5757,http://www.iiec.ac.jp/index.htm,iiec15@cotton.ocn.ne.jp
Saitama,Koshigaya,Bunkyo University Foreign Student Department,4,"3337 Minami-Ogishima, Koshigaya-city, Saitama 343-8511",+81-48-974-8811,http://www.bunkyo.ac.jp/faculty/bekkahp/,bekkab＠koshigaya.bunkyo.ac.jp
Saitama,Koshigaya,Association Tokyo Asia Education,4・7・10・1,"3-33 Gamoukotobuki-cho, Koshigaya-shi, Saitama 343-0836",+81-48-961-6281,http://www.tokyo-aa.jp,info@tokyo.aa.jp
Saitama,Kumagaya,Saitama International School,4・7・10・1,"2-101 Sakuragi-cho, Kumagaya-shi Saitama 360-0036",+81-48-526-4155,http://www.saisc.jp,gakuenn@saisc.jp
Saitama,Sakado,Heisei Internashonal Education Academy,4・10,"10-6 yakushicho, sakado-shi, Saitama 350-0029",+81-49-298-5881,http://www.h-iea.com,info@h-iea.com
Saitama,Sakado,Josai University Japanese Language Studies,4,"1-1 Keyakidai, Sakado-shi, Saitama-ken 350-0295, JAPAN",+81-49-271-7791,http://www.josai.ac.jp/bekka/www/index.html,-
Saitama,Sakado,Toa Kokusai Japanese Langage School,4・10,"10-6 yakushicho, sakado-shi, Saitama 350-0029",+81-49-292-1063,-,-
Saitama,Minamisaitama,"Nippon Institute of Technology,The Japanese Language Course for Overseas Students",4・10,"4-1-1 Gakuen-cars Saitama Pref. minamisaitama district, miyashiro, 345-8501, Japan",+81-480-33-7547,http://www.nit.ac.jp/gakka/ryugaku.html,bekka@nit.ac.jp
Saitama,Fujimino,TOKYO INTERNATIONAL LANGUAGE COLLEGE,4・10,"1-5-4, Kitano, fujimino-shi, Saitama 365-0007",+81-49-261-3275,http://tilc.cocolog-nifty.com,tilcollege@yahoo.co.jp
Tochigi,Utunomiya,Kokusai Information Business College,4・10,"1-2-5 Odori, Utsunomiya-shi, Tochigi 320-0811",+81-28-622-8110,http://www.tbc-u.ac.jp/purpose/international.html,info@tbc-u.ac.jp
Tochigi,Utunomiya,Utsunomiya Japanese Language School,4・10,"3-8-5 Motoimaizumi, Utsunomiya-shi, Tochigi 321-0954",+81-28-610-5821,http://www2.ucatv.ne.jp/~ujls.sea/,-
Tochigi,Utunomiya,Chuo Bunkyo Gakuin,4・7・10・1,"Shinozaki-Bldg., 4-12-9 Imaizumi, Utsunomiya-shi, Tochigi 321-0966",+81-28-624-1042,-,-
Tochigi,Utunomiya,Atys International Academy,4・10,"3-1-6 Ichijo, Utsunomiya-shi, Tochigi 320-0821",+81-28-610-7601,http://www.atys-academy.org,fo@atys-academy.org
Tochigi,Utunomiya,St Mary Japanese School,4・7・10・1,"4-2-10 Odori, Utsunomiya-shi, Tochigi 320-0811",+81-28-627-9211,http://www.iac.or.jp/stmary/index.htm,stmary@iac.or.jp
Tochigi,Ashikaga,HIGASHINIHON KOKUSAI ACADEMY,4・10,"412-2 Fukui-ｃho, Ashikaga-shi, Tochigi 326-0338",+81-284-64-8752,-,-
Tochigi,Ashikaga,A Professional School Ashikaga Community College,4・10,"2330 Ietomi-cho, Ashikaga-shi, Tochigi 326-0803",+81-284-41-6131,http://onuki-acc.jp/?page_id=114,-
Tochigi,Oyama,Internaional Technical Design Automobile College,4・10,"1-10-21 Mitsumine, Oyama-shi, Tochigi 323-0821",+81-285-28-0777,-,-
Tochigi,Oyama,TBC Japanese School,4・10,"2-8-18 kamiyama, Oyama-shi, Tochigi 323-0828",+81-285-37-7837,http://www.tbc-nihongo.com/,ajiken@ajiken.jp
Tochigi,Maebashi,NIPPON Language Academy,4・7・10・1,"2-5-10 Ohtemachi, Maebashi-shi, Gunma 371-0026",+81-27-243-2222,http://www.nila.jp,info@nila.jp
Tochigi,Maebashi,Fuji Language School,4・10,"4-2-1 Soja-machi, Maebashi-shi, Gunma 371-0853",+81-27-289-8600,http://www.fuji-ko.com/fls/jp/index.html,info@fuji-ko.com
Tochigi,Takazaki,Chuo Institute of Information Accounting Takasaki Japanese Language Course,4・10,"13-2 Sakae-cho, Takasaki-shi, Gunma 370-0841",+81-27-324-8511,http://www.chuo.ac.jp/nihongo/,kokusai@chuo.ac.jp
Tochigi,Tochigi,Kogakuin Institute,4・7・10・1,"1-5, Dai-cho, Tochigi-shi, Tochigi 328-0071",+81-282-22-5550,http://www.kogakuin.info,kogakuin@cc9.ne.jp
Ibaraki,Hitachi,Ibaraki International Language Institute,4・7・10・1,"2-44-10 HigashiNamekawa-cho, Hitachi-shi, Ibaraki 317-0052",+81-294-21-5931,http://www.jsdi.or.jp/~nihongo,nihongo@jsdi.or.jp
Ibaraki,Toride,Japanese Language School Tsukuba Smile,4・10,"〒302-0034 1142,TOGASHIRA,TORIDE-CITY,IBARAKI",+81-297-78-1192,http://www.tsukuba-smile.jp/,-
Ibaraki,Toride,International Academy Japanese Language Institute Torideschool,4・10,"3-2-29 Hakusan, Toride-shi, Ibaraki 302-0023",+81-297-77-4455,-,ksa_toride@yahoo.co.jp
Ibaraki,Toride,Tokai Gakuin Liberal Arts College,4・10,"1-22-14 Inodai, Toride-shi, Ibaraki 302-0015",+81-297-72-1000,http://www.tokaigakuin.ac.jp,nihongo@tokaigakuin.ac.jp
Yamanashi,Fuefuki,Fuji Language  and  Culture Academy,4・10,"2-74-26 Higashi-Asakayama-cho, Kita-ku, Sakai-shi, Osaka 591-8008",+81-55-262-7194,http://www.flca.jp,info@flca.jp
Yamanashi,Kofu,Unitas Japanese Language School,4・1,"3-6-11, Marunouchi, Kofu-shi, Yamanashi 400-0031",+81-55-233-3835,http://www.unitas-ej.com,japanese@unitas-ej.com
Aichi,Nagoya,Advance Academy of Japanese Language,4・7・10,"1-23 Kanda-machi, Chikusa-ku, Nagoya-shi, Aichi 464-0077",+81-52-725-7300,http://www.advanceaca.net,advance@krd.biglobe.ne.jp
Aichi,Nagoya,ARMS Japanese Language School,4・10,"2-7-23 Iseyama, Naka-ku, Nagoya-shi, Nagoya 460-0026",+81-52-324-7818,nihongo@h-arms.com,nihongo@h-arms.com
Aichi,Nagoya,Trident College of Languages and Hotel,4・10,"4-1-11 Meieki, Nakamura-ku, Nagoya-shi, Aichi 450-0002",+81-52-582-1775,http://www.kawai-juku.ac.jp/j-lang/,nihongo@tc.kawai-juku.ac.jp
Aichi,Nagoya,Aika Foreign Language Academy,4・10,"2-9 Toyomaecho, Higashi-ku, Nagoya-shi, Aichi 461-0034",+81-52-932-5366,http://www.aika-s.jp,home@aika-s.jp
Aichi,Nagoya,International Communication Nagoya,4・10・1,"Dainagoya Bldg. 3F, 3-28-12 Meieki, Nakamura-ku, Nagoya-shi, Aichi 450-0002",+81-52-581-3370,http://www.icn.gr.jp,icn@icn.gr.jp
Aichi,Nagoya,Nagoya College of Foreign Languages,4,"5-24-4 Imaike, Chikusa-ku, Nagoya-shi, Aichi 464-0850",+81-52-732-4600,http://www.ncfl.ac.jp,welcome@ncfl.ac.jp
Aichi,Nagoya,Aichi International Academy,4・10,"1-30-3, Shinsakae, Naka-ku, Nagoya-shi, Aichi 460-0007",+81-52-262-3366,http://www.aiaso.gr.jp,school@aiaso.gr.jp
Aichi,Nagoya,"Nagoya College of Osteopathy, Social＆Child Welfare",4,"2-6-4 Marunouchi, Naka-ku, Nagoya-shi, Aichi 460-0002",+81-52-222-5631,http://www.nagoya-college.ac.jp/,-
Aichi,Nagoya,Nagoya SKY Japanese Language School,4・10,"2407, Daikanchou, Higashi-ku, Nagoya-shi, Aichi 461-0002",+81-52-935-3560,http://www.nagoya-sky.co.jp,info@nagoya-sky.co.jp
Aichi,Nagoya,Ecc Japanese Language Institute Nagoya School,4・7・10・1,"Kanayama building 3F, 1-16-16 Kanayama,Naka-ku, Nagoya, Aichi 460-0022",+81-52-339-2977,http://www.ecc-nihongo.com,nnihongo@ecc.co.jp
Aichi,Nagoya,Nagoya Management and Accounting College Japanese Course,4・10,"1-10-14 Takami, Chikusa-ku, Nagoya-shi, Aichi 464-0073",+81-52-734-6647,http://www.meikei-net.ac.jp,iso@meikei-net.ac.jp
Aichi,Nagoya,Kamiyama Gakuin Japanese Language School,4・10,"4-16-29 Sakae, Naka-ku, Nagoya-shi, Aichi 460-0008",+81-52-242-0979,http://www.chuto.co.jp/school/,school@chuto.co.jp
Aichi,Nagoya,Nagoya Fukutoku Japanese Academy,4・10,"4-27-9 Koonjicho, Kita-ku, Nagoya-shi, Aichi 462-0053",+81-52-710-1357,http://www.nfng.jp,info@nfng.jp
Aichi,Nagoya,Institute for Japanese Studies Nagoya Gakuin University,4・9,"1-25 Atsuta-nishi, Atsuta-ku, Nagoya-shi, Aichi 456-0036",+81-52-678-4093,http://www.ngu.jp/faculty/university/ryugakusei/index.html,-
Aichi,Nagoya,Nagoya International School of Japanese Lan-guage,4・10,"3-6 Hazama, Showa-ku, Nagoya-shi, Aichi 466-0062",+81-52-735-6669,http://www.nagoyais.com,school@nagoyais.com
Aichi,Nagoya,MEIHO LANGUAGE ACADEMY,4・10,"22-12 Sanban-cho, Atsuta-ku, Nagoya-shi, Nagoya 456-0056",+81-52-304-8855,http://www.meiho-la.com,info@meiho-la.com
Aichi,Nagoya,North River Japanese Language School,4・7・10,"2-8-3 Hataedori, Nakamura-ku, Nagoya-shi, Aichi 453-0851",+81-52-485-3757,http://www.nrs-ac.jp,northriver@snow.odn.ne.jp
Aichi,Nagoya,The Nagoya YWCA School of Japanese Language,4・10,"2-3 Shinsakae-machi, Naka-ku, Nagoya-shi, Aichi 460-0004",+81-52-951-5527,http://www.nagoya-ywca.or.jp,nywcajl@poplar.ocn.ne.jp
Aichi,Nagoya,"Nanzan University, Center for Japanese Studies",1・9,"18 Yamazato-cho, Syowa-ku, Nagoya-shi, Aichi 466-8673",+81-52-832-3123,http://www.nanzan-u.ac.jp/index.html,-
Aichi,Okazaki,Aichi Sangyo University International Student Office,4,"12-5 Harayama, Okacho, Okazakishi, 444-0005",+81-564-48-4511,http://asu-g.net/univ/,bekka@asu.ac.jp
Aichi,Okazaki,Yamasa Cultural Language Institute,4・10,"1-2-1 Hane higashi-cho, Okazaki-shi, Aichi 444-8691",+81-564-55-8111,http://www.yamasa.org/acjs,info@yamasa.org
Aichi,Inuyama,Nagoya Academy of Education,4・10,"77-12 Nishikoken, Inuyama-aza, Inuyama-shi, Aichi 484-0085",+81-568-62-6800,http://www.fftt.biz/nihongo,nihongo@fftt.biz
Aichi,Komaki,KLS Nagoya Japanese Language Academy,4・10,"607-8 Kita-toyama, Komaki-shi, Aichi 485-0023",+81-568-77-1118,-,klsnihongogakuin@kxb.biglobe.ne.jp
Aichi,Tsushima,Nakanihon foreign language school,4・10,"24-2 Kotobuki-Cho, Tsushima-Shi, Aichi-Ken,496-0829",+81-567-55-9558,http://www.nfls.jp/,mail@nfls.jp
Aichi,Shinshiro,Koubun International Japanese Language School,4・10,"7 Aza, Kamikaitsu, Oono, Shinshiro-shi, Aichi 441-1615",+81-536-32-1168,http://www.koubun-int.jp,ha_kajimura@aiden-jp.com
Aichi,Nisshin,Aichi Gakuin University Japanese Language Course for Foreign Students,4,"2 Araike, Iwasaki-cho, Nisshin 470-0195",+81-561-73-1111,http://www.agu.ac.jp/about/index.html,-
Aichi,Nisshin,Nagoya University of Foreign Studies Japanese Language Institute,3・9,"57 Takenoyama, Iwasaki-cho, Nisshin-shi, Aichi 470-0131",+81-561-75-1756,http://www.nufs.ac.jp/faculties/japanese_institute/index.html,-
Aichi,Aichi,Aichi Shukutoku University Center for Japanese Language and Culture,9,"9, Nagakute Katahira, Nagakute-cho, Aichi-gun, Aichi Prefecture, 480-1197",+81-561-63-7737,http://www.aasa.ac.jp/guidance/index.html,-
Gifu,Gifu,International Study Institute Chukyo,4・10・1,"2-62 Chayashinden, Gifu-shi, Gifu 501-6135",+81-58-270-0515,http://www.isi-education.com,isichukyo@isi-education.com
Gifu,Gifu,ToBuCo Specialized Training Colleges,4・10,"1-20 Fukiagecho, Gifu-shi, Gifu 500-8326",+81-58-253-5888,tp://www.tobuco.ac.jp,tobuco@he.mirai.ne.jp
Gifu,Gifu,HOTSUMA INTERNATIONAL SCHOOL,4・10,"4-20-12 Usaminami, Gifu-shi, Gifu-Ken 500-8367",+81-58-276-3376,http://www.hotsuma-group.com,fo@hotsuma-group.com
Gifu,Ogaki,Gifu Keizai University,4,"5-50 Kitagata-cho Ogaki-shi, Gifu Prefecture, Japan 503-8550",+81-584-77-3511,http://www.gifu-keizai.ac.jp/academics/foreign_student/index.html,nyuushi@gifu-keizai.ac.jp
Gifu,Seki,Chubu Gakuin University ＆ College,4,"2-1 Kirigaoka, Seki-shi, Gifu 501-3993",+81-575-24-2211,http://www.chubu-gu.ac.jp/index.html,-
Gifu,Nakatugawa,Chukyo Gakuin University,4・9,"1-104 Sendanbayashi, Nakatugawa-shi, Gifu 509-9195",+81-573-66-3121,http://www.chukyogakuin-u.ac.jp/,-
Gifu,Hashima,Liberty International School,4・10,"5-14 Hirakata, Fukuju-cho, Hashima-shi, Gifu 501-6257",+81-58-397-0330,http://www.anschool.net/,anlan@wb3.so-net.ne.jp
Gifu,Mizuho,Asahi University Japanese Language and Culture Course,4・9,"1851 Hozumi, Mizuho-city,Gif prefecture 501-0296",+81-58-329-1088,http://www.asahi-u.ac.jp/,nyuusi@alice.asahi-u.ac.jp
Gifu,Motosu,Subaru Language School,4・7・10,"1963, Kamimakuwa, Motosu shi, Gifu 501-0461",+81-58-260-9001,http://www.nihongo-subaru.com/,info@nihongo-subaru.com
Gifu,Kamo,NAKANIHON AUTOMOTIVE COLLEGE,4・9,"1301 Fukagaya Sakahogi-cho, Kamogun, Gifu 505-0077",+81-574-26-7121,http://www.nakanihon.ac.jp/index.html,-
Shizuoka,Shizuoka,International Language Institute,4・10,"3-2-28 Yahata, Suruga-ku, Shizuoka-shi, Shizuoka 422-8076",+81-54-284-8383,http://kotoba.ac.jp,info@kotoba.ac.jp
Shizuoka,Shizuoka,izuoka Japanese Education Center,4・10,"11-6 Yokota-cho, Shizuoka-shi, Shizuoka 420-0835",+81-54-251-5211,http://www18.ocn.ne.jp/~nicyuu/,nihongo_sjec@river.ocn.ne.jp
Shizuoka,Shizuoka,Shizuoka International School,4・10,"3-47-3 Sena, Aoi-ku, Shizuoka-shi, Shizuoka 420-0911",+81-54-262-1120,http://www.sins.co.jp,sinss@sins.co.jp
Shizuoka,Hamamatsu,Lles Language Institute,4・10,"15-10 Shimoikegawa-cho, Hamamatsu-shi, Shizuoka 430-0905",+81-53-473-5437,-,-
Shizuoka,Hamamatsu,OISCA COLLEGE FOR GLOBAL COOPERATION,4・10,"5815 Wajicho, Hamamatsu-shi, Shizuoka 431-1115",+81-53-486-5770,http://www.oisca.ac.jp,sengaku@oisca.ac.jp
Shizuoka,Fujinomiya,A.C.C. International Culture College,4・10,"10-9 Omiya-cho, Fujinomiya-shi, Shizuoka 418-0066",+81-544-24-8828,http://www2.tokai.or.jp/acc/,acc.college@tokai.or.jp
Shizuoka,Fuji,FUJI TOKOHA UNIVERSITY,4,"325 Obuchi, Fuji-shi, Shizuoka 417-0801",+81-545-36-1133,http://www.fuji-tokoha-u.ac.jp/info/NOD92/1150.html,-
Shizuoka,Fukuroi,Shizuoka International Language School,4・10,"2331-1 Moroi, Fukuroi-shi, Shizuoka 437-1121",+81-538-23-7788,http://www4.tokai.or.jp/sils/,sils@ai.tnc.ne.jp
Niigata,Niigata,"Airline, International and Resort College",4・10,"790 Sanban-cho, Nishibori-dori, Chuo-ku, Niigata-shi, Niigata 951-8061",+81-25-227-6335,http://www.nsg.gr.jp/air/japanese/,kokusai-bu@nsg.gr.jp
Ishikawa,Kanazawa,Alice International College,4・10,"8-50 Enkoji Honmachi, Kanazawa-shi, Ishikawa 921-8176",+81-76-280-1001,http://www.alice.ac.jp,info@alice.ac.jp
Ishikawa,Kanazawa,Hokuriku University Japanese Language Course for International Students,4,"1-1 Taiyogaoka, Kanazawa-shi, 920-1180",+81-76-229-2626,http://www.hokuriku-u.ac.jp/jlc/index.html,-
Ishikawa,Hakusan,Kinjo College,,"1200 Kasama-machi, Hakusan-shi, Ishikawa 924-8511",+81-76-276-4411,http://www.kinjo.ac.jp/ku/outline/abroad.html,kinjo@kinjo.ac.jp
Nagano,Nagano,Ngano Heiseigakuen Japanese Language Course,4・10,"1-31ARCS, Nagano-shi, Nagano 380-0918",+81-26-224-8383,http://www.heisei.ac.jp/nihongoka/,takizawa@heisei.ac.jp
Nagano,Nagano,Nagano 21 Japanese Language School,4・10,"1318 Hara, Kawanakajima, Nagano-shi, Nagano 381-2224",+81-26-283-5435,http://www4.ocn.ne.jp/~nagano21/,21j@nitp.or.jp
Nagano,Matsumoto,Marunouchi College of Business,4・10,"Josei 1-3-30, Matsumoto-shi, Nagano 390-0875",+81-263-32-5589,http://www.marubi.ac.jp,office@marubi.ac.jp
Nagano,Ueda,MANABI Japanese Language Institute,4・7・10・1,"Hotei Bldg. 6F, 1-11-7 Kotobashi, Sumida-ku, Tokyo 130-0022",+81-3-5624-5999,http://www.manabi.co.jp,info-tokyo@manabi.co.jp
Nagano,Ueda,Nagano Language College,4・10,"3-5-18 Chuo, Ueda-shi, Nagano 386-0012",+81-268-23-7220,http://www.isi.ac.jp,nlc@isi.ac.jp
Nagano,Suwa,Nagano International Culture College,4・7・10・1,"445-2 Toyoda, Suwa-shi, Nagano 392-0016",+81-266-53-8155,http://www.nicc-nagano.jp/,info@nicc-nagano.jp
Toyama,Toyama,Toyama International Academy,4・10,"4-22 Shimoshin-machi, Toyama-shi, Toyama 930-0804",+81-76-441-9360,http://www.h2.dion.ne.jp/~toyamaia,toyamaia@h6.dion.ne.jp
Toyama,Imizu,Toyama College Of Business and Information Technology,4・10,"576 Sanga, Imizu-shi, Toyama 939-0341",+81-766-55-1420,http://www.bit.urayama.ac.jp,bit@te.urayama.ac.jp
Mie,Tsu,Mie Japanese Language Institute,4・10,"5-21 Marunouchiyoseicho, Tsu-shi, mie 514-0036",+81-59-227-8222,http://mienihongo.com,nu3kitaro@nifty.com
Mie,Suzuka,MIEBUNKA JAPANESE LANGUAGE SCHOOL,4・10,"10-15 Shirokoekimae, Suzuka-shi, Mie 510-0241",+81-59-388-4488,-,-
Mie,Yokkaichi,Yokkaichi Japanese Language School,4・10,"7-3 Nishimachi, Yokkaichi-shi, Mie 510-0089",+81-59-352-1751,-,yjls@cty-net.ne.jp
Osaka,Osaka,Bunrin Institute (Department of the Japanese Language),4・10,"1-5-20 Oji-cho, Abeno-ku, Osaka-shi, 545-0023",+81-6-6627-2526,http://www.nagata-g.co.jp/bunrin/,bunrin@par.odn.ne.jp
Osaka,Osaka,"Ehle Network Communication College, Japanese Language School",4・10,"3-8-17 Namba-Naka, Naniwa-ku, Osaka-shi, Osaka 556-0011",+81-6-6647-0018,http://www.ehle.ac.jp/jls/english/index.html,http://www.ehle.ac.jp/mail_form/jls_inquiry_eng.html
Osaka,Osaka,Ashiya Kokusai Gakuin,4・10,"1-7-1 Terada-cho, Tennoji-ku, Osaka-shi, Osaka 543-0045",+81-6-6770-2857,-,ashiyakokusai@kansai.email.ne.jp
Osaka,Osaka,International Japanese Language School,4・10,"3-6-21 Bainan, Nishinari-ku, Osaka-shi, Osaka 557-0033",+81-6-6651-2122,http://nihongo.sakura.ne.jp,info@nihongo.sakura.ne.jp
Osaka,Osaka,ECC Kokusai College of Foreign Languages Japanese Course,4・10,"2-1-6 Nakazaki-nishi, Kita-ku, Osaka-shi, Osaka 530-0015",+81-6-6311-1448,http://www.ecc.ac.jp/japan/,nihongo@ecc.co.jp
Osaka,Osaka,"Seifu Institute of Information Technology, Iseifu Japanese Language School",4・10,"1-6-3 Maruyamadouri, Abeno-ku, Osaka-shi, Osaka 545-0042",+81-6-6657-2369,http://www.i-seifu.jp,language@i-seifu.jp
Osaka,Osaka,Meric Japanese Language School,4・10,"Meric Bldg., 1-10-6 Nipponbashi-higashi, Naniwa-ku, Osaka-shi, Osaka 556-0006",+81-6-6646-0330,http://www.meric.co.jp/,jp@meric.co.jp
Osaka,Osaka,ARC Academy Osaka School,4・7・10・1,"1-2-25 Nihonbashi-nishi, Naniwa-ku, Osaka-shi, Osaka 556-0004",+81-6-6635-1735,http://jp.arc-academy.net/,osaka@arc-academy.co.jp
Osaka,Osaka,Human Academy Japanese Language School Osaka,4・7・10・1,"Midosuji MID Bldg. 9F, 4-3-2 Minamisenba, Chuo-ku, Osaka-shi, Osaka 542-0081",+81-6-6282-6098,http://hajl.athuman.com,ojp22@athuman.com
Osaka,Osaka,Japan-China Language Academy,7・10・1,"Marusan Bidg., 2-2-26 Tenjinbashikita, Kita-ku, Osaka-shi, 530-0041",+81-6-6353-2442,http://www.jclc.jp,nicchu-jp@jclc.jp
Osaka,Osaka,Japanese Communication International Education School,4・7・10,"1-1-3 Itachibori, Nishi-ku, Osaka-shi, Osaka 550-0012",+81-6-6532-7480,http://jcom-ies.co.jp/,info@jcom-ies.co.jp
Osaka,Osaka,Kansai College of Business  and  Languages Dept. of Japanese Studies,4・10,"2-9-36 Matsuzaki-cho, Abeno-ku, Osaka-shi, Osaka 545-0053",+81-6-6621-8115,http://www.tg-group.ac.jp/nihongo/,nihongo@tg-group.ac.jp
Osaka,Osaka,Kansai Kokusai Gakuin,4・10,"6F, 11-7 Higashikouzu-cho, Tennoji-ku, Osaka-shi, Osaka 543-0021",+81-6-6764-0102,http://kkg.comto.net/index-eng.html,kkg@comto.net
Osaka,Osaka,Nihon Riko-Jyoho Institute of Science and Engineering,4・10,"1-1-25 Osumi, Higashi-yodogawa-ku, Osaka-shi, Osaka 533-0015",+81-6-6329-6553,http://www.kamei.ac.jp,info@kamei.ac.jp
Osaka,Osaka,Nissei Nihongo Gakuen,4・10,"4-15-26 Tatsumi-kita, Ikuno-ku, Osaka-shi, Osaka 544-0004",+81-6-6757-4669,http://nissei.ac/,info@nissei.ac
Osaka,Osaka,One Purpose International Academy,4・10,"3-6-18 Daito-cho, Miyakojima-ku, Osaka-shi, Osaka 543-0002",+81-6-6921-0055,http://www.one-purpose.co.jp,info@one-purpose.co.jp
Osaka,Osaka,Osaka College of Foreign Languages,,"2-3-10 Otedori, Chuo-ku, Osaka-shi, Osaka 540-0021",+81-6-6944-1061,http://www.osakagaigo.ac.jp/,-
Osaka,Osaka,Osaka College of High Technology,4・10,"1-2-43 Miyahara, Yodogawa-ku, Osaka-shi, Osaka 532-0003",+81-6-6392-8119,http://www.osaka-hightech.ac.jp,jpn@osaka-hightech.ac.jp
Osaka,Osaka,Osaka International Language Institute,4・10,"1-29-2 Nishi-Kujo, Konohana-ku, Osaka-shi, Osaka 554-0012",+81-6-6463-3956,http://www.inter-edu.co.jp/,i-edu@leto.eonet.ne.jp
Osaka,Osaka,Osaka International School of Culture and Language,4・7・10,"2-11-12 Doshin, Kita-ku, Osaka-shi, Osaka 530-0035",+81-6-6882-1435,http://www.415931.com,bunka@415931.com
Osaka,Osaka,Osaka Japanese Language Education Center Japan Student Services Organization,4・10,"8-3-13 Uehonmachi, Tennoji-ku, Osaka-shi, Osaka 543-0001",+81-6-6774-0033,http://www.jasso.go.jp/objec/indx.html,info-oskn@jasso.go.jp
Osaka,Osaka,Osaka Minami Japanese Language School,4・10,"5-2-38 Kire, Hirano-ku, Osaka-shi, Osaka 547-0027",+81-6-4306-4000,http://www.osaka-minami.com/,info@osaka-minami.com
Osaka,Osaka,Osaka YMCA Gakuin,4・7・1,"1-3 Ikutamatera-machi, Tennoji-ku, Osaka-shi, Osaka 543-0073",+81-6-6779-8364,http://www.osakaymca-jls.org,info-jp@osakaymca.or.jp
Osaka,Osaka,Osaka YMCA International College,4・10,"1-5-6 Tosabori, Nishi-ku, Osaka-shi, Osaka 550-0001",+81-6-6441-9068,http://www.osk-ymca-intl.ed.jp/nihongo/index.html,tosabori-nihongo@osakaymca.or.jp
Osaka,Osaka,Osaka YWCA College,4・10,"11-12 Kamiyama-cho, Kita-ku, Osaka-shi, Osaka 530-0026",+81-6-6361-2955,http://osaka.ywca.or.jp/college/,college@osaka.ywca.or.jp
Osaka,Osaka,Umikaze Academy of Japanese,4・10,"1-5-7 Nakagawa-nishi, Ikuno-ku, Osaka-shi, Osaka 544-0032",+81-6-6717-7705,http://www.asia-house.jp/,ikuno-npo@asia-house.jp
Osaka,Osaka,Clover Language Institute,4・10,"Shinmachi Bldg. 4F, 1-2-13 Shinmachi, Nishi-ku, Osaka-shi, 550-0013",+81-6-6533-3072,http://www.clover-li.co.jp,info@clover-li.co.jp
Osaka,Osaka,Shin-Osaka Preparatory School Japanese Language Course,4・10,"4-11-6 Higashi-nakajima, Higashi-yodogawa-ku, Osaka-shi, Osaka 533-0033",+81-6-6323-0155,http://www.sofli.ac.jp/index.html,info@sofli.ac.jp
Osaka,Sakai,Osaka Japanese Language School,4・10,"2-74-26 Higashi-Asakayama-cho, Kita-ku, Sakai-shi, Osaka-fu, Osaka 591-8008",+81-72-251-2139,http://www.geocities.jp/osakajls/,osakajls@ybb.ne.jp
Osaka,Sakai,Daiwa Academy,4・10,"3-2-6 Nishi, Kumano-cho, Sakai-ku, Sakai-shi, Osaka 590-0947",+81-72-224-3554,http://www.daiwa-ac.jp/,info@daiwa-ac.jp
Osaka,Sakai,Shin-A International Language School,4・7・10,"1-1-6 Enomotomachi, Sakai-ku, Sakai-shi, Osaka 590-0027",+81-72-232-5166,http://www.shin-a-ils.com,shin-a.school@world.ocn.ne.jp
Osaka,Hirakata,Osaka International University School of Japanese Studies for Foreign Students,,"3-50-1 Sugi, Hirakata-shi, Osaka-fu, Osaka 573-0117",+81-72-858-9848,http://www.oiu.ac.jp/english/index.html,iec@oiu.ac.jp
Osaka,Higashiosaka,Kinki University Japanese Language Course,,"3-4-1 Kowakae, Higashiosaka-shi, Osaka, 577-8502",+81-6-6721-2332,http://www.kindai.ac.jp/kokusai/en/,isc@itp.kindai.ac.jp
Kyoto,Kyoto,Academy of Kansai Language School,4・10,"39-12 Shimokawagara-cho, Fukakusa, Fushimi-ku, Kyoto-shi, Kyoto 612-8401",+81-75-644-2005,http://www.kansaigogen.ac.jp,info@kansaigogen.ac.jp
Kyoto,Kyoto,"The Kyoto Center for Japanese Linguistic Studies, Kyoto Japanese Language School",4・10,"394-2 Higashihinotono-machi, Higashi-hairu, Ichijyodorishin-machi, Kamigyo-ku, Kyoto-shi, Kyoto 602-0917",+81-75-414-0449,http://www.kjls.or.jp/,office@kjls.or.jp
Kyoto,Kyoto,Doshisha University Center for Japanese Language and Culture the Intensive Japanese,4・9,"Imadegawadori, Jyokyo-ku, Kyoto-shi, Kyoto 602-0047",+81-75-251-3257,http://iie.doshisha.ac.jp/,ji-iie@mail.doshisha.ac.jp
Kyoto,Kyoto,Kyoto Minsai Japanese Language School,4・7・10,"69 Oiricho, Nishi-kyougoku kita, Ukyo-ku, Kyoto-shi, Kyoto 615-0881",+81-75-316-0190,http://www.kyotominsai.co.jp,office@kyotominsai.co.jp
Kyoto,Kyoto,Kyoto International Academy,4・7・10,"627-1 Kitamachi, Imadegawa-agaru, Onmaedori, Kamigyo-ku, Kyoto-shi, Kyoto 602-8392",+81-75-466-4881,http://www.kia-ac.jp,info@kia-ac.jp
Kyoto,Kyoto,Kyoto Reigaku International Academy,4・10,"513 Kamiitabashicho, Fushimi-ku, Kyoto-shi, Kyoto 612-8316",+81-75-602-0339,http://reigaku.jp,info@reigaku.jp
Kyoto,Kyoto,JCL Foreign Language School,4・10,"6-4 Fukakusa Nishiura-cho, Fushimi-ku, Kyoto-shi, Kyoto 612-0029",+81-75-644-1717,http://www.group-jcl.com,info@group-jcl.com
Kyoto,Kyoto,Kyoto Institute of Culture and Language,4・10,"21 Kamihatecho, Kitashirakawa, Sakyo-ku, Kyoto-shi, Kyoto 606-8252",+81-75-722-5066,http://www.kicl.ac.jp,kicl@kca.kyoto-art.ac.jp
Kyoto,Kyoto,Kyoto School of Computer Science Kamogawa Campus Kyoto Japanese Language Training Center,4・10,"11 Tanakashimoyanagi-machi, Sakyo-ku, Kyoto-shi, Kyoto 606-0804",+81-75-751-0555,http://www.kcg.ac.jp/KJLTC/j/index-j.htm,kjltc@kcg.ac.jp.
Kyoto,Kyoto,Kyoto University of Foreign Studies The Course in Japanese Studies for Overseas Students,,"6 Kasamecho, Nishiin, Ukyo-ku, Kyoto-shi, Kyoto 615-8558",+81-75-322-6043,http://www.kufs.ac.jp/,oips@kufs.ac.jp
Kyoto,Kyoto,Kyoto YMCA College Japanese Course,4・10,"2 Nakano-cho, Higashi-hairu, Yanaginobanba, 3-Jyo doori, Nakagyou-ku, Kyoto-shi, Kyoto, 604-8083",+81-75-255-3287,http://www.kyotoymca.or.jp/language/japanese/,education@kyotoymca.or.jp
Kyoto,Kyoto,ARC Academy KYOTO,4,"349 Gokuishi-cho, Karasuma-Nishiiru, Manjuji-dori, Shimogyo-ku, Kyoto 600-8429",+81-75-353-7566,http://jp.arc-academy.net/,kyoto@arc-academy.co.jp
Kyoto,Kyoto,Nihongo Center,4・10,"356 Tominaga-cho, Bukkoji-kudaru, Kawaramachi-dori, Shimogyo-ku, Kyoto-shi, Kyoto 600-8023",+81-75-344-3776,http://www.nihongo-center.com,info@nihongo-center.com
Kyoto,Kyoto,Ryukoku University Japanese Culture and Language Program,,"67 Tsukamotocho, Fukakusa, Fushimi-ku, Kyoto-shi, Kyoto 612-8577",+81-75-645-7898,http://www.ryukoku.ac.jp/english2/index.php,ric@ad.ryukoku.ac.jp
Kyoto,Kyoto,International Culture Center,4・10,"84 Shimouchigawara-cho, Koyama, Kita-ku, Kyoto-shi, Kyoto 603-8132",+81-75-492-8208,http://www13.plala.or.jp/ICC/,icc@zpost.plala.or.jp
Hyogo,Nishinomiya,Ashiya Kokusai Gakuin Kobe,4・10,"6-20 Tateishi-cho, Nishinomiya-shi, Hyogo 662-0943",+81-798-22-7135,,ashiyakokusai@kansai.email.ne.jp
Hyogo,Amagasaki,Osaka Education College,4・10,"661-0033 6-23, 3-chome, minamimukonosou, Amagasaki-shi, Hyogo",+81-06-4962-3570,http://www.oec-j.com/,info@oec-j.com
Hyogo,Amagasaki,Amagasaki International Japanese Language School,4・10,"2-1-2-205 Minami-Tsukaguchi-cho, Amagasaki-shi, Hyogo 661-0012",+81-6-6426-2311,http://www.nisshinkyo.org/MemberHome/B451.html,kokusain@x.age.ne.jp
Hyogo,Amagasaki,International College of Kobe-East,4・7・10・1,"1-9-8 Kuguchi, Amagasaki-shi, Hyogo 661-0977",+81-6-6499-8334,http://www.ickejp.org/,info@ickejp.org
Hyogo,Kobe,Aristo Foreign Language School,4・10,"3-5-24 Mikawaguchi-cho, Hyogo-ku, Kobe-shi, Hyogo 652-0815",+81-78-578-8882,http://www.arist-f.com/index2.html,postmaster@arist-f.com
Hyogo,Kobe,Kobe Toyo Japanese College,4・10,"110-2 Ito-machi, Chuo-ku, Kobe-shi, Hyogo 650-0032",+81-78-333-1127,http://www.jp-college.com,kobetoyo@jp-college.com
Hyogo,Kobe,Clark Foreign Language School,4・10・1,"Center Plaza Nishi-Kan 7F, 2-11-1 Sannomiya-cho, Chuo-ku, Kobe-shi, Hyogo 650-0021",+81-78-391-3411,http://www.clark.ac.jp/en/index.html,info@clark.ac.jp
Hyogo,Kobe,Kobe World Academy,4・10,"2-4-20 Nakamichidori, Hyogo-ku, Kobe-shi, Hyogo 652-0801",+81-78-576-1208,-,world824@yahoo.co.jp
Hyogo,Kobe,Kobe Institute of Computing College of Computing Japanese Language Department,4・10,"1-6-35 Yamamoto-dori, Chuo-ku, Kobe-shi, Hyogo 650-0003",+81-78-242-0014,http://www.kobedenshi.ac.jp/e/,https://www.kobedenshi.ac.jp/contact/index.php
Hyogo,Kobe,The Kobe YMCA College Japanese Department,4・10,"2-7-15 Kano-cho, Chuo-ku, Kobe-shi, Hyogo 650-0001",+81-78-241-7204,http://kbym.jp/japanese/index.html,japanese@kobeymca.or.jp
Hyogo,Kobe,Kobe Sumiyoshi International Japanese Language School,4・10,"2-21-8 Sumiyoshimiyamachi, Higashi-Nada-ku, Kobe-shi, 658-0053",+81-78-822-6620,http://www.s-i-s-kobe.com,sumiyoshi-nihongo@yacht.ocn.ne.jp
Hyogo,Kobe,The Kobe YMCA Japanese Language School,4・10,"2-1-3 Gakuenhigashi-machi, Nishi-ku, Kobe-shi, Hyogo 651-2102",+81-78-793-7402,http://kbym.jp/japanese/,kjpns@kobeymca.or.jp
Hyogo,Kobe,Kobe YWCA College,4・10・1,"1-12-10 Ninomiya-cho, Chuo-ku, Kobe-shi, 651-0093",+81-78-231-6303,http://www.kobe.ywca.or.jp/top/english,college@kobe.ywca.or.jp
Hyogo,Himeji,Himeji YMCA Japanese Language Institute,4・10,"9-15 Tsuchiyamahigashino-cho, Himeji-shi, Hyogo 670-0995",+81-79-298-5566,http://www.himeji-ymca.org/education/japanese/en/index.html,himeji@ymcajapan.org
Nara,Nara,Nara Japanese Language School,4・10,"Isokawa Bldg., 23 Hayashikoji, Nara-shi, Nara 630-8227",+81-742-23-7460,http://www.jnet.com.tw/japan/school/nara/,naranichigo_ueda@younet.co.jp
Wakayama,Wakayama,Wakayama-YMCA International College of Social Service Japanese Language Courses,4・10,"383 Oda, Wakayama-shi, Wakayama 640-8323",+81-73-473-3338,http://www.ymcajapan.org/wakayama/japanese/en/index.html,wklngage@ymcajapan.org
Wakayama,Wakayama,Wakayama College of Foreign Studies,4・10,"21 Suruga-cho, Wakayama-shi, Wakayama 640-8034",+81-73-432-8699,http://www.wfs.ac.jp/,waka-1991@vesta.ocn.ne.jp
Okayama,Okayama,Okayama Institute of Language Nihongo Ka,4・10,"2-1-77 Nakasange, Kita-ku, Okayama-shi, Okayama 700-0821",+81-86-231-5211,http://www.harenet.ne.jp/oil/,oil-main@po.harenet.ne.jp
Okayama,Kurashiki,Kurashiki University Of Science And the Arts,4・9,"264 Nishinoura Tsurajima-cho  Kurashiki-shi , Okayama 712-8505",+81-86-440-1112,http://www.kusa.ac.jp/,koho@kusa.ac.jp
Okayama,Okayama,Eisugakkan Okayama School Japanese Language Department,4・10,"1-9-1 Gakunan-cho, Kita-ku, Okayama-shi, Okayama 700-0011",+81-86-252-5012,,nihongo.okayama@eisu.ac.jp
Okayama,Okayama,Osafune Japanese Language School,4・7・10,"3-10 Banzan-cho, Kita-ku, Okayama-shi, Okayama 700-0818",+81-86-236-0881,http://www.osafune.info,info@osafune.info
Okayama,Okayama,Okayama Business College,4・10,"3-22 Iwata-cho, Kita-ku, Okayama-shi, Okayama 700-0022",+81-86-801-5007,http://www.obcnet.ac.jp,nihongo@obcnet.ac.jp
Okayama,Okayama,OKAYAMA BUSINESS COLLEGE JAPANESE LANGUAGE COURSE,4・10,"8-10 Showa Kita-ku, Okayama City, Okayama Prefecture 〒 700-0032",+81-86-255-7171,http://www.oist.ac.jp/index.html,
Hiroshima,Hiroshima,Japan Wellness Sports College Hiroshima,4・10,"2-21-26-8 Nakano, Aki-ku, Hiroshima-shi, Hiroshima 739-0321",+81-82-892-3015,http://www.hiroshimawellness.jp/,
Hiroshima,Hiroshima,"Human Welfare Hiroshima College, Japanese Language Course",4・10,"3-15-38 Ushitashin-machi, Higashi-ku, Hiroshima-shi, Hiroshima 732-0068",+81-82-224-2240,http://www.human.ed.jp/,
Fukuoka,Kitakyushu,Kitakyushu YMCA Science and Engineering Course Japanese Department,4・10,"2-3-9 Kaji-machi, Kokurakita-ku, Kitakyushu-shi, Fukuoka 802-0004",+81-93-531-1587,http://www.k-ymca.or.jp/,kitakyushu@ymcajapan.org
Fukuoka,Kitakyushu,Kyushu International University Japanese Language Course,4・10,"1-6-1 Hirano, Yahatahigashi-ku, Kita-Kyushu-shi, Fukuoka 805-8512",+81-93-662-8338,http://www.kiu.ac.jp/faculty/learnjapanese/index.html,nihongo_course@kiu.ac.jp
Fukuoka,Kitakyushu,Subaru Automobile Engineering College Japanese Department,4・10,"1-1-1 Miyano-machi, Yahatahigashi-ku, Kitakyushu-shi, Fukuoka 805-0023",+81-93-651-5500,http://www.subaru.ac.jp/,ma@subaru.ac.jp
Fukuoka,Kitakyushu,Kitakyushu YMCA Japanese Language School,4・10,"2-3-9 Kaji-machi, Kokurakita-ku, Kitakyushu-shi, Fukuoka 802-0004",+81-93-531-1587,http://www.k-ymca.or.jp/,kitakyushu@ymcajapan.org
Fukuoka,Fukuoka,Aiwa Language School,4・7・10,"AIWA Bldg., 1-15-37 Maidashi, Higashi-ku, Fukuoka-shi, Fukuoka 812-0054",+81-92-632-6748,http://www.aiwa.ne.jp/,japan@aiwa.ne.jp
Fukuoka,Fukuoka,Asia Japanese Academy,4・10,"4-2-29 Nagazumi, Minami-ku, Fukuoka-shi, Fukuoka 811-1362",+81-92-557-8667,http://www.a-j-academy.jp/,2101@a-j-Academy.jp
Fukuoka,Fukuoka,Aso Foreign Language Tourism and Patissier College,4・10,"1-14-17 Hakataeki-Minami, Hakata-ku, Fukuoka-shi, Fukuoka 812-0016",+81-92-415-2293,http://www.asojuku.ac.jp/international/,nihongo@asojuku.ac.jp
Fukuoka,Fukuoka,Aso College Of Automotive Engineering And Technology,4・10,"2-8-28 Higashihie, Hakata-ku, Fukuoka-shi, Fukuoka 812-0007",+81-92-433-0633,http://www.asojuku.ac.jp/international/,nihongo@asojuku.ac.jp
Fukuoka,Fukuoka,ASO BUSINESS COMPUTER COLLEGE,4・10,"2-12-32 Hakataekiminami, Hakata-ku, Fukuoka 812-0016",+81-92-415-2291,http://www.asojuku.ac.jp/international/,nihongo@asojuku.ac.jp
Fukuoka,Fukuoka,Kyushu Eisu Gakkan International Language Academy,4・10,"1-5-30 Maizuru, Chuo-ku, Fukuoka-shi, Fukuoka 810-0073",+81-92-713-5720,http://www.kyushu-eisu.ac.jp/,info@kyushu-eisu.ac.jp
Fukuoka,Fukuoka,Kyushu Japanese Language Academy,4・10,"13-35 Shimizu 2 chome, Minami-ku, Fukuoka-shi, Fukuoka 815-0031",+81-92-551-8587,http://www.k-nichigo.jp/,jzry@gaea.ocn.ne.jp
Fukuoka,Fukuoka,FUKUOKA INTERNATIONAL LANGUAGE ACADEMY,4・10,"6-2-92 Nishijin, Sawara-ku, Fukuoka 814-8511",+81-92-716-1931,http://www.seinan-gu.ac.jp/kokusai/betuka/gaiyou.html,fila@s8.dion.ne.jp
Fukuoka,Fukuoka,Fukuoka International Academy,4・10,"4-4-3 Katakasu, Hakata-ku, Fukuoka-shi, Fukuoka 812-0043",+81-92-441-1032,http://www.f-i-a.jp,info@f-i-a.jp
Fukuoka,Fukuoka,Kyushu Foreign Language Academy,4・10,"2-1 Nakagofuku-machi, Hakata-ku, Fukuoka-shi, Fukuoka 812-0035",+81-92-273-1511,http://www.jiuwai.com/jiuwai/index.php,info@jiuwai.com
Fukuoka,Fukuoka,Nishinihon International Education Institute,4・10,"4-17-17 Shiobaru, Minami-ku, Fukuoka-shi, Fukuoka 815-0032",+81-92-541-8450,http://www.niei.jp,info@niei.jp
Fukuoka,Fukuoka,Seinan Gakuin University International Division,8,"6-2-92 Nishijin, Sawara-ku, Fukuoka 814-8511",+81-92-823-3346,http://www.seinan-gu.ac.jp/kokusai/betuka/gaiyou.html,intleduc@seinan-gu.ac.jp
Fukuoka,Fukuoka,Kyushu International Education College,4・10,"Hakatakindai-Bldg 4F-B, 1-1-33JHakataekihigashi, Hakata-ku, Fukuoka-shi, Fukuoka 812-0013",+81-92-432-6188,http://www.qsintedu.com,kyushyukokusaikyoikugakuin@hotmail.com
Fukuoka,Fukuoka,Fukuoka International Communication College,4・10,"1-8-27 Maidashi, Higashi-ku, Fukuoka-shi, Fukuoka 812-0054",+81-92-631-0147,http://www.f-seikei.ac.jp/,info@f-seikei.ac.jp
Fukuoka,Fukuoka,Fukuoka Kokudo-kensetsu Technical College,4・10,"2-7-8 Sanchiku, hakata-ku, Fukuoka-shi, Hukuoka 812-0887",+81-92-501-3261,http://www.kokusen.ac.jp/kj/,kokusen@mocha.ocn.ne.jp
Fukuoka,Fukuoka,KYUSHU GENGO KYOIKU GAKUIN,4・10,"3-7-10 Ropponmatsu, Chuo-ku, Fukuoka-shi, Fukuoka 810-0044",+81-92-717-8207,http://www.kgkgedu.com/,li.ming@hotmail.co.jp
Fukuoka,Fukuoka,Fukuoka Foreign Language College,4・10,"1-8-27 Maidashi, Higashi-ku, Fukuoka-shi, Fukuoka 812-0054",+81-92-631-0147,http://www.f-seikei.ac.jp/,info@f-seikei.ac.jp
Fukuoka,Fukuoka,FUJI INTERNATIONAL ACADEMY,4・10,"13-18 Sekijo-machi, Hakata-ku, Hakata-shi, Fukuoka 812-0032",+81-92-271-6661,http://fuji-ac.jp/,info@fuji-ac.jp
Fukuoka,Fukuoka,Fukuoka Japanese Language School,4・10・1,"HakataKindai Bldg., 1-1-33 Hakata,eki-Higashi, Hakata-ku, Fukuoka-shi, Fukuoka 812-0013",+81-92-477-2393,http://www.fukuokaschool.com/,fjschool@hotmail.com
Fukuoka,Fukuoka,Fukuoka YMCA International College,4・10,"1-1-10 Nanakuma, Jonan-ku, Fukuoka-shi, Fukuoka 814-0133",+81-92-831-1771,http://www.fukuoka-ymca.or.jp/japanese/,f-j-college@ymcajapan.org
Fukuoka,Fukuoka,Fukuoka YMCA Japanese Language School,4・10,"Tenjin Asahi Bldg. 2F 3-4-7 Tenjin, Chuo-ku, Fukuoka-shi, Fukuoka 810-0001",+81-92-781-7410,http://www.fukuoka-ymca.or.jp/,f-nihongo@ymcajapan.org
Fukuoka,Kurume,Kurume Institute of International Relation,4・10,"516-1 Higashi-machi, Kurume-shi, Fukuoka 830-0032",+81-942-33-5337,-,-
Fukuoka,Kurume,Kurume University Intensive Japanese Program,4・10,"1635 Mii-machi, Kurume-shi, Fukuoka-ken 839-8502",+81-942-43-5166,http://www.kurume-u.ac.jp/,nyushi@kurume-u.ac.jp
Fukuoka,Kurume,Kurume Seminar Japanese Language Course,4・10,"2-55 Tenjin-machi, Kurume-shi, Fukuoka 830-0033",+81-942-36-6660,http://www.kusemi.ac.jp/nihongo/,nihongo_jimu@kusemi.ac.jp
Fukuoka,Kasuya,Nihongo Academy,4・10,"31-11,Ino, Umimachi, Kasuya-gun, Fukuoka-ken, 811-2104",+81-92-934-3727,http://www5.ocn.ne.jp/~academy/index_j.html,n.a3727@athena.ocn.ne.jp
Fukuoka,Kasuya,MIZUHO FOREIGN LANGUAGE SCHOOL,4・10,"1-1-72 Misaki, Shingu-machi, Kasuya-gun, Fukuoka 811-0121",+81-92-940-6877,http://www.mizuhoschool.com/,info@mizuhoschool.com
Fukuoka,Nogata,JAPAN International Education Institute,4・10,"9-27 Furumachi, Nogata-shi, Fukuoka 822-0027",+81-949-22-1111,http://www.j-iei.biz/,brickgroupoffice@ybb.ne.jp
Fukuoka,Ogori,NILS,4・10,"760-5 Ogori, Ogori-shi, Fukuoka 838-0141",+81-942-41-2611,http://www.ulearnjapanese.com/,info@nils.gr.jp
Fukuoka,Onojo,Shunki Language Institute,4・10,"3-2-10 Mikasagawa, Onojo-shi, Fukuoka 816-0912",+81-92-504-7051,http://www16.ocn.ne.jp/~syunki/,syunki@muse.ocn.ne.jp
Fukuoka,Munakata,Sakura Japanese Language Academy,4・10,"3-16-1 Jiyugaoka, Munakata-shi, Fukuoka 811-4163",+81-940-39-9855,http://www.j-sakura.net/,japan@j-sakura.net
Fukuoka,Itoshima,Japan Institute of Japanese Language and Culture,4・10,"3-12-29 Maebaruchuo, Itoshima-shi, Fukuoka 819-1116",+81-92-324-1002,http://www.itokoku.com/jilc/,jilcjp@sur.bbiq.jp
Oita,Oita,Asuka Beauty Culture College Japanese Department,4・10,"1-3-17 Higashi Ohmichi, Oita-shi, Oita 870-0823",+81-97-544-9114,http://www.asuka.ac.jp/,nihongo@asuka.ac.jp
Oita,Oita,Nippon Bunri University Japanese Language Institute,4・10,"1727-162 Oaza Ichigi, Oita-shi, Oita 870-0397",+81-97-524-2718,http://www.nbu.ac.jp/,kokusai@nbu.ac.jp
Oita,Beppu,Beppu University the Japanese Language Course,4・10,"6-kumi, Sakuragaoka, Beppu-shi, Oita 874-0915",+81-977-27-7070,http://www.beppu-u.ac.jp/,-
Nagasaki,Nagasaki,Nagasaki Institute of Applied Science Japanese Language Course,4,536 Aba Machi Nagasaki 851-0193,+81-95-838-5591,http://www.bekka.nias.ac.jp/,webmaster@bekka.nias.ac.jp
Nagasaki,Nagasaki,Nagasaki Information Business College,4・10,"4-25 Daikoku-machi, Nagasaki-shi, Nagasaki 850-0057",+81-95-820-5569,http://www.nibc.ac.jp/,info@nibc.ac.jp
Saga,Saga,Saga Women’s Junior College,4,"1313 Honjo, Honjo-machi, Saga-shi, Saga 840-8550",+81-952-23-5145,http://www.asahigakuen.ac.jp/sajotan/,-
Saga,Saga,KURUME SEMINAR JAPANESE LANGUAGE COURCE SAGA SCHOOL,4・10,"4-2-10 Jinno-Higashi, Saga-shi, Saga 840-0804",+81-952-97-7051,http://www.kusemi.ac.jp/nihongo/,saga-nihongo@kusemi.ac.jp
Saga,Tosu,CODO International College,4・10,"577 Tashirohoka-machi, Tosu-shi, Saga 841-0016",+81-942-81-5075,http://www.codoi.com/,info@codoi.com
Miyazaki,Miyazaki,MIYAZAKI INFORMATION BUSINESS COLLEGE,4・10,"1-3-7 Oimatsu, Miyazaki-shi, Miyazaki 880-0801",+81-985-22-1030,http://www.miyajobi.ac.jp/,college@msg.ac.jp
Kumamoto,Kumamoto,KYUSHU SURVEYING COLLEGE : JAPANESE COURCE,4,"7-36-80 Tatsuda, Kumamoto-shi, Kumamoto 861-8006",+81-96-338-7417,http://www.kyu-soku-sen.ac.jp/,qsokusen@aaanet.or.jp
Kumamoto,Kumamoto,Kumamoto Technical College Japanese Course,4・10,"5-1-1 Nagamine-higashi, Kumamoto-shi, Kumamoto 861-8038",+81-96-380-8645,http://www.kumakosen.jp/gakka/japanese.html,kumasen@sysken.or.jp
Kumamoto,Kumamoto,Kumamoto YMCA College Japanese Department,4・10,"2-1-11 Obiyama, Kumamoto-shi, Kumamoto 862-0924",+81-96-382-6661,http://www.kumamoto-ymca.or.jp/nihongo/,nihongo@kumamoto-ymca.or.jp
Kumamoto,Kumamoto,Cotocollege Tojinmachikou,4・10,"8-2 Kamikajiyamachi, Kumamoto-shi, Kumamoto 860-0021",+81-96-351-1001,http://www.coto.ac.jp/,nihongo@coto.ac.jp
Kumamoto,Kumamoto,Sojo University Language Course,4・10,"4-22-1 Ikeda, Kumamoto-shi, Kumamoto 860-0082",+81-96-326-3111,http://www.sojo-u.ac.jp/site/view/index.jsp,bekka@ofc.sojo-u.ac.jp
Kagoshima,Kagoshima,Kyusyu Japanese Language School (KLS),4・10,"3-6 Yanagi-machi, Kagoshima-shi, Kagoshima 892-0819",+81-99-222-6616,http://kyushunihongo.weebly.com/,kyushu.nihongo@gmail.com
Kagoshima,Ichikikushikino,Kamimura Gakuen Vocational College,4・10,"4460 Shimonmyo, Ichikikushikino-shi, Kagoshima 896-8686",+81-996-21-2070,http://www.kamimura.ac.jp/school_info/ot/,nihongo1956@kamimura.ac.jp
Okinawa,Naha,Japanese Cultural Stuby Academy,4・10,"2‐11‐13 Kume, Naha-City, Okinawa 900-0033",+81-98-862-0045,http://www.japan-culture-school.com/,info@japan-culture-school.com
Okinawa,Naha,Japan Institute of Culture and Economics,4・10,"2-12-14 Nishi, Naha-shi, Okinawa 900-0036",+81-98-869-8686,http://www.jice.co.jp/,japan@jice.co.jp
Okinawa,Naha,International Center of Language and Culture ICLC Institute of Japanese Language,4・10,"Sunhills Tabaru 2F, 1-4-1 Tabaru, Naha-shi, Okinawa 901-0156",+81-98-859-3881,http://www.iclcjapan.com/,info@iclcjapan.com
Okinawa,Naha,Okinawa University Japanese Language Program for International Students,4・10,"555 kokuba, Naha, OKINAWA 902-8521",+81-98-832-3269,http://www.okinawa-u.ac.jp/,-
Okinawa,Naha,Nichia Foreign Language Academy,4・10,"1-1-1 Matsugawa, Naha-shi, Okinawa 902-0062",+81-98-833-8666,http://orange.zero.jp/nichia/,nichia@orange.zero.jp
Okinawa,Ginowan,Cross Cultural Communication Center Annexed Japanese School,4・7・10,"4-13-8 Nagata, Ginowan-shi, Okinawa 901-2212",+81-98-893-6467,http://www.e-cccc.com/,info@e-cccc.com
Okinawa,Urasoe,JSL Nippon Academy,4・7・10・1,"1-1-1 Nakanisi, Urasoe-shi, Okinawa 901-2125",+81-98-875-1456,http://www.jslnippon.jp/index.jsp,askjsl@jslnippon.jp
